stage,trial,score,gated,ema_period,rsi_period,rsi_overbought,rsi_oversold,atr_period,consolidation_candles,consolidation_atr_mult,swing_lookback,volume_sma_period,volume_mult,risk_reward_ratio,leverage,risk_per_trade_pct,max_position_allocation_pct,tr_return_pct,tr_pf,tr_sharpe,tr_max_dd,tr_trades,tr_wins,tr_losses,tr_win_rate,tr_gross_profit,tr_gross_loss,tr_net_pnl,tr_fees,tr_blocked,tr_head_dropped,va_return_pct,va_pf,va_sharpe,va_max_dd,va_trades,va_wins,va_losses,va_win_rate,va_gross_profit,va_gross_loss,va_net_pnl,va_fees,va_blocked,va_head_dropped,c_va_ret,c_va_pf,c_va_dd,c_va_sample,c_tr_ret,c_tr_pf,c_consistency
1c_risk,0,0.6311496209451388,True,97,18,75.0,44.0,17,6,2.2,11,32,1.8,2.2,2.5,0.029,0.65,77.18646372149982,1.3382804416109306,1.5441190132072828,26.945472962401258,125,53,72,42.4,30536.04,22817.37,7718.670000000002,2723.12,0,1,87.23262880139991,1.9380655734531718,3.4606435632483525,11.797653160541884,63,30,33,47.61904761904762,18022.440000000002,9299.19,8723.250000000002,1416.08,0,0,0.2616978864041997,0.23451639336329294,-0.0,0.05,0.07718646372149983,0.016914022080546532,-0.0091651446244002
1c_risk,1,0.38131690083812186,True,97,18,75.0,44.0,17,6,2.2,11,32,1.8,2.2,3.5,0.009000000000000001,0.3,27.880670314699834,1.3525418199337156,1.5614364275331223,10.627663120428815,125,53,72,42.4,10696.320000000002,7908.3099999999995,2788.010000000002,1076.54,0,1,27.65152482425003,1.8138940725609434,3.0842192201909677,5.140027794899411,63,30,33,47.61904761904762,6162.56,3397.42,2765.1400000000003,560.12,0,0,0.08295457447275008,0.20347351814023584,-0.0,0.05,0.027880670314699835,0.01762709099668578,-0.0006189530862496514
1c_risk,2,0.4273828323769356,True,97,18,75.0,44.0,17,6,2.2,11,32,1.8,2.2,1.0,0.027,0.55,28.290427681050005,1.3869464538992538,1.4476149646213443,12.115701048410335,125,53,72,42.4,10140.339999999998,7311.27,2829.069999999998,800.32,0,1,27.39013673065001,2.049831544007451,3.5153065904013836,4.189771981766739,63,30,33,47.61904761904762,5347.99,2608.9900000000002,2738.9999999999995,396.67,0,0,0.08217041019195002,0.25,-0.0,0.05,0.028290427681050008,0.019347322694962688,-0.002425328191027153
1c_risk,3,0.272020965730593,True,97,18,75.0,44.0,17,6,2.2,11,32,1.8,2.2,4.0,0.005,0.75,16.723425462349915,1.3805098918101046,1.6259421745294462,6.100013892391356,125,53,72,42.4,6067.410000000001,4395.05,1672.3600000000006,645.51,0,1,13.280517442299933,1.6545710849549493,2.659272599604788,3.08280321674679,63,30,33,47.61904761904762,3356.8599999999997,2028.8400000000001,1328.0199999999995,351.99,0,0,0.039841552326899794,0.16364277123873733,-0.0,0.05,0.01672342546234992,0.019025494590505232,-0.017212277887899287
1c_risk,4,0.3622059448037646,True,97,18,75.0,44.0,17,6,2.2,11,32,1.8,2.2,4.5,0.01,0.35,35.23377532564986,1.3700659294029167,1.649697649795659,11.918678767841023,125,53,72,42.4,13044.109999999997,9520.79,3523.319999999996,1361.81,0,1,29.866085592649945,1.724954365387603,2.897105541103856,6.107641803140917,63,30,33,47.61904761904762,7106.259999999999,4119.679999999999,2986.58,688.33,0,0,0.08959825677794983,0.18123859134690073,-0.0,0.05,0.035233775325649856,0.018503296470145838,-0.012367975116881631
1c_risk,5,0.4360689339363091,True,97,18,75.0,44.0,17,6,2.2,11,32,1.8,2.2,1.5,0.012,0.5,30.94869564949993,1.377121334160319,1.5697453790351092,12.236694927772707,125,53,72,42.4,11301.36,8206.51,3094.8500000000004,1006.49,0,1,32.62723393595001,1.969371141310484,3.413523503699107,5.334856779624878,63,30,33,47.61904761904762,6628.47,3365.7799999999997,3262.6900000000005,523.07,0,0,0.09788170180785004,0.242342785327621,-0.0,0.05,0.03094869564949993,0.018856066708015953,-0.003960315556677837
1c_risk,6,0.42072225335672697,True,97,18,75.0,44.0,17,6,2.2,11,32,1.8,2.2,2.5,0.012,0.55,37.92443318619984,1.3425940563827896,1.557116558092069,13.99986378852946,125,53,72,42.4,14862.1,11069.689999999999,3792.4100000000017,1499.7,0,1,38.06690330270003,1.8069945220812702,3.0919422125281613,6.751822203134818,63,30,33,47.61904761904762,8523.810000000001,4717.12,3806.6900000000014,774.16,0,0,0.11420070990810008,0.20174863052031755,-0.0,0.05,0.03792443318619984,0.017129702819139482,-0.0002812230770299632
1c_risk,7,0.43492577508913716,True,97,18,75.0,44.0,17,6,2.2,11,32,1.8,2.2,1.5,0.012,0.45,28.917039794949922,1.3800186348708634,1.5519743556054701,11.905172718678731,125,53,72,42.4,10501.1,7609.39,2891.71,916.84,0,1,30.879773445949944,1.9971679621275487,3.463588724988485,4.928449110266239,63,30,33,47.61904761904762,6184.6500000000015,3096.71,3087.9400000000014,477.65,0,0,0.09263932033784983,0.24929199053188716,-0.0,0.05,0.028917039794949924,0.01900093174354317,-0.004923507319092925
1c_risk,8,0.5363532878790275,True,97,18,75.0,44.0,17,6,2.2,11,32,1.8,2.2,3.0,0.025,0.35,52.46385900794985,1.3648077145054454,1.5053209444317766,19.430023233014314,125,53,72,42.4,19627.6,14381.22,5246.379999999999,1653.65,0,1,57.511047986799944,2.021427937128142,3.5435227660087607,7.889115462846726,63,30,33,47.61904761904762,11381.650000000001,5630.5,5751.1500000000015,853.92,0,0,0.17253314396039984,0.25,-0.0,0.05,0.05246385900794986,0.018240385725272267,-0.006884100814594524
1c_risk,9,0.46923323531654304,True,97,18,75.0,44.0,17,6,2.2,11,32,1.8,2.2,3.0,0.02,0.25,37.130264904799844,1.3808165622093067,1.4894393302043938,14.828283762587727,125,53,72,42.4,13463.500000000002,9750.39,3713.1100000000024,1110.58,0,1,38.76316683495003,2.035815064613016,3.5153406160949734,5.681873533069629,63,30,33,47.61904761904762,7618.589999999999,3742.28,3876.309999999999,567.6,0,0,0.11628950050485007,0.25,-0.0,0.05,0.03713026490479984,0.019040828110465337,-0.003227358203572186
1c_risk,10,0.46589307507527616,True,97,18,75.0,44.0,17,6,2.2,11,32,1.8,2.2,5.0,0.019,0.75,74.84261339629961,1.3421284688016422,1.6530076701186114,21.692658100109227,125,53,72,42.4,29359.53,21875.35,7484.18,3158.76,0,1,59.4632027609499,1.6509239504643012,2.776917280316641,11.406944015399796,63,30,33,47.61904761904762,15081.57,9135.230000000001,5946.339999999998,1523.25,0,0,0.1783896082828497,0.1627309876160753,-0.0,0.05,0.0748426133962996,0.01710642344008211,-0.017176557660030536
1c_risk,11,0.6395954593506851,True,97,18,75.0,44.0,17,6,2.2,11,32,1.8,2.2,2.5,0.03,0.65,78.58817152844978,1.3390744466453557,1.5420442666869214,27.30345199901033,125,53,72,42.4,31036.090000000004,23177.27,7858.820000000003,2751.21,0,1,89.11896421899993,1.9444623429144312,3.4789495368212644,11.81959531420491,63,30,33,47.61904761904762,18347.829999999998,9435.94,8911.889999999998,1433.76,0,0,0.2673568926569998,0.2361155857286078,-0.0,0.05,0.07858817152844978,0.016953722332267784,-0.009418912895640128
1c_risk,12,0.5980167803268189,True,97,18,75.0,44.0,17,6,2.2,11,32,1.8,2.2,2.0,0.03,0.65,66.09795166309989,1.3521881348969327,1.5070164562854658,23.491497110960584,125,53,72,42.4,25377.61,18767.809999999998,6609.800000000003,2160.38,0,1,74.38644250559992,2.002749974724497,3.5466640658504884,9.699507427133627,63,30,33,47.61904761904762,14856.899999999998,7418.25,7438.649999999998,1121.96,0,0,0.22315932751679973,0.25,-0.0,0.05,0.0660979516630999,0.017609406744846633,-0.008849905597927313
1c_risk,13,0.6395954593506851,True,97,18,75.0,44.0,17,6,2.2,11,32,1.8,2.2,2.5,0.03,0.65,78.58817152844978,1.3390744466453557,1.5420442666869214,27.30345199901033,125,53,72,42.4,31036.090000000004,23177.27,7858.820000000003,2751.21,0,1,89.11896421899993,1.9444623429144312,3.4789495368212644,11.81959531420491,63,30,33,47.61904761904762,18347.829999999998,9435.94,8911.889999999998,1433.76,0,0,0.2673568926569998,0.2361155857286078,-0.0,0.05,0.07858817152844978,0.016953722332267784,-0.009418912895640128
1c_risk,14,0.580586562296431,True,97,18,75.0,44.0,17,6,2.2,11,32,1.8,2.2,2.5,0.023000000000000003,0.65,69.54096495839974,1.3448439503679952,1.5879403517292443,23.08218455543382,125,53,72,42.4,27120.149999999998,20166.02,6954.129999999997,2512.61,0,1,74.31699926264999,1.9033293991377187,3.354817162012075,10.81693155932421,63,30,33,47.61904761904762,15658.710000000001,8227.009999999998,7431.700000000003,1282.1,0,0,0.22295099778794994,0.22583234978442968,-0.0,0.05,0.06954096495839975,0.01724219751839976,-0.004979947752748126
1c_risk,15,0.6736195420054923,True,97,18,75.0,44.0,17,6,2.2,11,32,1.8,2.2,3.5,0.03,0.6000000000000001,94.19569990364965,1.3261503122979865,1.5819662933108103,29.204692458208036,125,53,72,42.4,38300.64000000001,28881.07,9419.570000000007,3578.19,0,1,103.49595371925,1.880691850605063,3.357014433869578,14.00544247732931,63,30,33,47.61904761904762,22101.270000000004,11751.670000000002,10349.600000000002,1820.15,0,0,0.3,0.22017296265126574,-0.0,0.05,0.09419569990364966,0.016307515614899327,-0.007056636164322401
1c_risk,16,0.5904606489488795,True,97,18,75.0,44.0,17,6,2.2,11,32,1.8,2.2,3.5,0.023000000000000003,0.55,73.46408255319973,1.3284780376002616,1.568245245224973,24.344142736597256,125,53,72,42.4,29711.770000000004,22365.27,7346.500000000004,2863.99,0,1,80.16973671769992,1.8664420129777495,3.294804538257179,11.504295750797997,63,30,33,47.61904761904762,17269.74,9252.76,8016.980000000001,1467.49,0,0,0.24050921015309976,0.21661050324443737,-0.0,0.05,0.07346408255319974,0.01642390188001308,-0.006547048881870436
1c_risk,17,0.6209514452087355,True,97,18,75.0,44.0,17,6,2.2,11,32,1.8,2.2,4.0,0.026000000000000002,0.45,79.00828806609978,1.3369913577413943,1.5819943920431172,25.62664156568033,125,53,72,42.4,31346.11,23445.26,7900.850000000002,2905.33,0,1,85.66978520849996,1.8966079149001192,3.362540700050941,12.11804309758877,63,30,33,47.61904761904762,18121.879999999997,9554.89,8566.989999999998,1482.59,0,0,0.25700935562549987,0.2241519787250298,-0.0,0.05,0.07900828806609979,0.016849567887069716,-0.00606774509496371
1c_risk,18,0.5387258292154261,True,97,18,75.0,44.0,17,6,2.2,11,32,1.8,2.2,3.5,0.02,0.6000000000000001,65.5581444479497,1.3188084347344866,1.5467174029336588,22.513452850390404,125,53,72,42.4,27119.370000000006,20563.54,6555.830000000005,2733.2400000000002,0,1,69.59304466495003,1.8117053450731249,3.1662258897960918,10.697736135309736,63,30,33,47.61904761904762,15533.0,8573.69,6959.3099999999995,1389.84,0,0,0.2087791339948501,0.20292633626828122,-0.0,0.05,0.0655581444479497,0.01594042173672433,-0.0044782072323792926
1c_risk,19,0.639382142210321,True,97,18,75.0,44.0,17,6,2.2,11,32,1.8,2.2,5.0,0.027,0.7,99.67885220434945,1.2984701722362502,1.567453160570206,29.401634706814058,125,53,72,42.4,43364.45,33396.57000000001,9967.87999999999,4577.58,0,1,100.02936278995003,1.7180664459983586,3.028823543964088,15.782873538890922,63,30,33,47.61904761904762,23933.369999999995,13930.41,10002.959999999995,2272.52,0,0,0.3,0.17951661149958964,-0.004473563079376695,0.05,0.09967885220434947,0.014923508611812509,-0.00026326702605392006
1c_risk,20,0.5602700773612261,True,97,18,75.0,44.0,17,6,2.2,11,32,1.8,2.2,3.0,0.023000000000000003,0.45,61.01687552249988,1.350205187366198,1.5530239005671238,22.19612883853444,125,53,72,42.4,23524.760000000002,17423.1,6101.6600000000035,2101.61,0,1,67.34513818115,1.9484101836125967,3.443898742405555,9.706062027762355,63,30,33,47.61904761904762,13835.309999999998,7100.82,6734.489999999998,1089.83,0,0,0.20203541454345003,0.23710254590314916,-0.0,0.05,0.06101687552249988,0.0175102593683099,-0.007395017976182838
1c_risk,21,0.5762459023496609,True,97,18,75.0,44.0,17,6,2.2,11,32,1.8,2.2,2.0,0.03,0.6000000000000001,61.90662142884988,1.3586318523822434,1.499819165129148,22.37821987173189,125,53,72,42.4,23452.539999999997,17261.879999999997,6190.66,1971.15,0,1,67.70667479420001,2.010196454068958,3.533543570990576,8.978177980111923,63,30,33,47.61904761904762,13472.999999999998,6702.329999999999,6770.669999999999,1013.21,0,0,0.20312002438260005,0.25,-0.0,0.05,0.06190662142884989,0.01793159261911217,-0.006712336080901249
1c_risk,22,0.6041539983259256,True,97,18,75.0,44.0,17,6,2.2,11,32,1.8,2.2,2.0,0.028,0.7,68.41409939124983,1.3488813857343853,1.5323598341415217,24.421497171340036,125,53,72,42.4,26450.93,19609.53,6841.4000000000015,2303.41,0,1,77.66949137719996,1.9791635149718112,3.5282931547658176,10.08873690510609,63,30,33,47.61904761904762,15699.199999999999,7932.24,7766.959999999999,1205.35,0,0,0.23300847413159986,0.2447908787429528,-0.0,0.05,0.06841409939124984,0.017444069286719266,-0.009503523226596077
1c_risk,23,0.6563481658965568,True,97,18,75.0,44.0,17,6,2.2,11,32,1.8,2.2,3.0,0.03,0.6000000000000001,84.2549300844497,1.3324465881353966,1.5547894272664209,28.308098846786173,125,53,72,42.4,33769.02,25343.62,8425.399999999998,3057.22,0,1,95.00797661150001,1.9177787759794047,3.431288307027451,12.818463928998563,63,30,33,47.61904761904762,19852.75,10351.95,9500.8,1583.11,0,0,0.28502392983450003,0.22944469399485118,-0.0,0.05,0.0842549300844497,0.01662232940676983,-0.008997717424014026
1c_risk,24,0.6122603663070262,True,97,18,75.0,44.0,17,6,2.2,11,32,1.8,2.2,3.0,0.025,0.6000000000000001,77.51039371609964,1.3386970122950659,1.588879757105979,25.04159237190025,125,53,72,42.4,30635.800000000003,22884.79,7751.010000000002,2857.79,0,1,83.29381181519999,1.8933141000203773,3.3470958603946483,11.80929227785657,63,30,33,47.61904761904762,17653.449999999997,9324.099999999999,8329.349999999999,1453.92,0,0,0.24988143544559996,0.2233285250050943,-0.0,0.05,0.07751039371609965,0.016934850614753295,-0.0053948384745210855
1c_risk,25,0.6567611868712749,True,97,18,75.0,44.0,17,6,2.2,11,32,1.8,2.2,4.0,0.028,0.5,88.07406987944981,1.330895541116986,1.5864206042121902,27.64465519795697,125,53,72,42.4,35424.42,26616.980000000003,8807.439999999995,3313.42,0,1,95.76760775534993,1.8844672953645616,3.350016197916592,13.169702598750153,63,30,33,47.61904761904762,20404.390000000003,10827.67,9576.720000000003,1683.22,0,0,0.2873028232660498,0.2211168238411404,-0.0,0.05,0.08807406987944982,0.016544777055849304,-0.006277307171214419
1c_risk,26,0.6645482518338457,True,97,18,75.0,44.0,17,6,2.2,11,32,1.8,2.2,4.5,0.028,0.5,91.78364948029967,1.3196287751495257,1.5750065686254389,28.6404274156703,125,53,72,42.4,37894.12999999999,28715.75,9178.37999999999,3643.88,0,1,100.86437358450002,1.855414462709338,3.300979122135782,13.788333530559383,63,30,33,47.61904761904762,21877.729999999992,11791.29,10086.439999999991,1853.59,0,0,0.3,0.21385361567733452,-0.0,0.05,0.09178364948029967,0.015981438757476287,-0.007070452081264743
1c_risk,27,0.4809866592543609,True,97,18,75.0,44.0,17,6,2.2,11,32,1.8,2.2,4.5,0.017,0.5,59.035056701599764,1.3317385633696286,1.584048525132265,19.45730991342082,125,53,72,42.4,23699.179999999997,17795.67,5903.509999999998,2464.13,0,1,56.78649576514994,1.7516691551771606,3.0230069583958747,10.10486352099129,63,30,33,47.61904761904762,13233.369999999999,7554.72,5678.649999999999,1246.47,0,0,0.1703594872954498,0.18791728879429015,-0.0,0.05,0.05903505670159977,0.01658692816848143,-0.002912101705460237
1c_risk,28,0.6122603663070262,True,97,18,75.0,44.0,17,6,2.2,11,32,1.8,2.2,4.5,0.025,0.4,77.51039371609964,1.3386970122950659,1.588879757105979,25.04159237190025,125,53,72,42.4,30635.800000000003,22884.79,7751.010000000002,2857.79,0,1,83.29381181519999,1.8933141000203773,3.3470958603946483,11.80929227785657,63,30,33,47.61904761904762,17653.449999999997,9324.099999999999,8329.349999999999,1453.92,0,0,0.24988143544559996,0.2233285250050943,-0.0,0.05,0.07751039371609965,0.016934850614753295,-0.0053948384745210855
1c_risk,29,0.6567611868712749,True,97,18,75.0,44.0,17,6,2.2,11,32,1.8,2.2,4.0,0.028,0.5,88.07406987944981,1.330895541116986,1.5864206042121902,27.64465519795697,125,53,72,42.4,35424.42,26616.980000000003,8807.439999999995,3313.42,0,1,95.76760775534993,1.8844672953645616,3.350016197916592,13.169702598750153,63,30,33,47.61904761904762,20404.390000000003,10827.67,9576.720000000003,1683.22,0,0,0.2873028232660498,0.2211168238411404,-0.0,0.05,0.08807406987944982,0.016544777055849304,-0.006277307171214419
1c_risk,30,0.6209505636107086,True,97,18,75.0,44.0,17,6,2.2,11,32,1.8,2.2,4.0,0.028,0.4,74.99931234219974,1.3390572452980485,1.5457980645515306,26.318217537083555,125,53,72,42.4,29620.040000000005,22120.07,7499.970000000005,2649.12,0,1,84.53642168249996,1.9374247333648267,3.4537400499951088,11.558572348212277,63,30,33,47.61904761904762,17471.58,9017.939999999999,8453.640000000003,1376.39,0,0,0.25360926504749987,0.23435618334120667,-0.0,0.05,0.07499931234219974,0.016952862264902425,-0.008967059385100201
1c_risk,31,0.6567611868712749,True,97,18,75.0,44.0,17,6,2.2,11,32,1.8,2.2,4.0,0.028,0.5,88.07406987944981,1.330895541116986,1.5864206042121902,27.64465519795697,125,53,72,42.4,35424.42,26616.980000000003,8807.439999999995,3313.42,0,1,95.76760775534993,1.8844672953645616,3.350016197916592,13.169702598750153,63,30,33,47.61904761904762,20404.390000000003,10827.67,9576.720000000003,1683.22,0,0,0.2873028232660498,0.2211168238411404,-0.0,0.05,0.08807406987944982,0.016544777055849304,-0.006277307171214419
1c_risk,32,0.6395804521578359,True,97,18,75.0,44.0,17,6,2.2,11,32,1.8,2.2,4.5,0.026000000000000002,0.5,84.91307987409972,1.3151799427942337,1.5566870176970342,27.434341718664456,125,53,72,42.4,35432.71,26941.34,8491.369999999999,3460.58,0,1,94.97742182389996,1.8494726655433085,3.2865918017807125,13.0918812438366,63,30,33,47.61904761904762,20678.510000000002,11180.76,9497.750000000002,1775.69,0,0,0.28493226547169986,0.21236816638582712,-0.0,0.05,0.08491307987409973,0.015758997139711683,-0.008392056713502525
1c_risk,33,0.6498486768217937,True,97,18,75.0,44.0,17,6,2.2,11,32,1.8,2.2,3.5,0.028,0.55,85.72609311374981,1.3317953747453293,1.5794351414138457,27.324562221703474,125,53,72,42.4,34409.97,25837.28,8572.690000000002,3194.04,0,1,93.80703743484992,1.8914533390858448,3.3657790489846735,12.987899811292214,63,30,33,47.61904761904762,19903.649999999998,10522.939999999999,9380.71,1629.38,0,0,0.28142111230454975,0.2228633347714612,-0.0,0.05,0.08572609311374982,0.016589768737266464,-0.00675163210523357
1c_risk,34,0.5874543781226227,True,97,18,75.0,44.0,17,6,2.2,11,32,1.8,2.2,4.0,0.024,0.4,70.0715266127999,1.3430580102517906,1.57505199387094,23.606999304754726,125,53,72,42.4,27432.899999999998,20425.699999999997,7007.200000000001,2516.71,0,1,76.07235005370003,1.9126882432549164,3.381477704499169,10.992185106796597,63,30,33,47.61904761904762,15942.18,8334.960000000001,7607.219999999999,1291.02,0,0,0.22821705016110008,0.2281720608137291,-0.0,0.05,0.0700715266127999,0.017152900512589532,-0.006159159977595917
1c_risk,35,0.6539152707124406,True,97,18,75.0,44.0,17,6,2.2,11,32,1.8,2.2,5.0,0.027,0.45,88.47825151424968,1.317760204680809,1.5669746887005231,28.059028243816897,125,53,72,42.4,36692.149999999994,27844.33,8847.819999999992,3555.0,0,1,98.00262869244986,1.8528090611169412,3.2950461705706835,13.450831307273035,63,30,33,47.61904761904762,21291.999999999996,11491.74,9800.259999999997,1815.73,0,0,0.29400788607734957,0.2132022652792353,-0.0,0.05,0.08847825151424968,0.01588801023404045,-0.007661142392434404
1c_risk,36,0.571086818141786,True,97,18,75.0,44.0,17,6,2.2,11,32,1.8,2.2,4.5,0.022000000000000002,0.5,72.46826222804968,1.313016491443282,1.5427191056025515,24.49924636256629,125,53,72,42.4,30398.17,23151.399999999998,7246.77,3059.91,0,1,78.37586593510004,1.8148587124791926,3.188573187113825,11.65457122805922,63,30,33,47.61904761904762,17455.909999999996,9618.330000000002,7837.5799999999945,1554.19,0,0,0.23512759780530013,0.20371467811979815,-0.0,0.05,0.07246826222804968,0.0156508245721641,-0.005874544583526135
1c_risk,37,0.6710408012476269,True,97,18,75.0,44.0,17,6,2.2,11,32,1.8,2.2,4.0,0.029,0.55,94.54715360859973,1.3240690881782247,1.585737225800985,29.017338616011607,125,53,72,42.4,38629.57000000001,29174.89,9454.680000000008,3667.32,0,1,103.09500542274996,1.867110252088401,3.3216701954554155,13.915997177590725,63,30,33,47.61904761904762,22198.97,11889.48,10309.490000000002,1857.57,0,0,0.3,0.21677756302210027,-0.0,0.05,0.09454715360859973,0.016203454408911234,-0.006487369791984301
1c_risk,38,0.630537577217878,True,97,18,75.0,44.0,17,6,2.2,11,32,1.8,2.2,3.5,0.026000000000000002,0.55,82.37748766569966,1.3345996608413981,1.5895664077140221,26.116301359497946,125,53,72,42.4,32857.51000000001,24619.75,8237.76000000001,3087.78,0,1,88.68978806829998,1.8835826813622103,3.3325492785600135,12.362219224029245,63,30,33,47.61904761904762,18906.48,10037.51,8868.97,1568.26,0,0,0.2660693642048999,0.22089567034055257,-0.0,0.05,0.08237748766569966,0.016729983042069907,-0.005534928035344061
1c_risk,39,0.6710408012476269,True,97,18,75.0,44.0,17,6,2.2,11,32,1.8,2.2,4.0,0.029,0.55,94.54715360859973,1.3240690881782247,1.585737225800985,29.017338616011607,125,53,72,42.4,38629.57000000001,29174.89,9454.680000000008,3667.32,0,1,103.09500542274996,1.867110252088401,3.3216701954554155,13.915997177590725,63,30,33,47.61904761904762,22198.97,11889.48,10309.490000000002,1857.57,0,0,0.3,0.21677756302210027,-0.0,0.05,0.09454715360859973,0.016203454408911234,-0.006487369791984301
1c_risk,40,0.29408479742771126,True,97,18,75.0,44.0,17,6,2.2,11,32,1.8,2.2,4.5,0.007,0.7,23.901226424699924,1.3736428824902334,1.6245113803575089,8.460200686402361,125,53,72,42.4,8786.96,6396.83,2390.129999999999,938.12,0,1,18.933914385749976,1.6483768235052396,2.65879517496452,4.29888123644955,63,30,33,47.61904761904762,4813.59,2920.2,1893.3900000000003,505.62,0,0,0.05680174315724992,0.1620942058763099,-0.0,0.05,0.023901226424699926,0.01868214412451167,-0.017394522155060158
1c_risk,41,0.6710408012476269,True,97,18,75.0,44.0,17,6,2.2,11,32,1.8,2.2,4.0,0.029,0.55,94.54715360859973,1.3240690881782247,1.585737225800985,29.017338616011607,125,53,72,42.4,38629.57000000001,29174.89,9454.680000000008,3667.32,0,1,103.09500542274996,1.867110252088401,3.3216701954554155,13.915997177590725,63,30,33,47.61904761904762,22198.97,11889.48,10309.490000000002,1857.57,0,0,0.3,0.21677756302210027,-0.0,0.05,0.09454715360859973,0.016203454408911234,-0.006487369791984301
1c_risk,42,0.6589288825939995,True,97,18,75.0,44.0,17,6,2.2,11,32,1.8,2.2,3.5,0.029,0.55,87.00250027249974,1.3300700335371864,1.5711673049559802,27.959950559739653,125,53,72,42.4,35059.049999999996,26358.800000000003,8700.249999999993,3236.18,0,1,96.34175113314993,1.896153509857143,3.382398992383337,13.211429607096909,63,30,33,47.61904761904762,20384.750000000004,10750.58,9634.170000000004,1658.29,0,0,0.28902525339944973,0.22403837746428573,-0.0,0.05,0.08700250027249976,0.016503501676859322,-0.007640750219095003
1c_risk,43,0.6654532248665134,True,97,18,75.0,44.0,17,6,2.2,11,32,1.8,2.2,4.0,0.029,0.6000000000000001,96.17571110544962,1.3132180239563858,1.5680129577807598,29.815668323703342,125,53,72,42.4,40323.409999999996,30705.800000000003,9617.609999999993,3911.9,0,1,107.12355589699986,1.8467769793157855,3.295697798684103,14.399634752222648,63,30,33,47.61904761904762,23363.04,12650.71,10712.330000000002,1993.99,0,0,0.3,0.2116942448289464,-0.0,0.05,0.09617571110544963,0.01566090119781929,-0.008077632265701922
1c_risk,44,0.6654532248665134,True,97,18,75.0,44.0,17,6,2.2,11,32,1.8,2.2,4.0,0.029,0.6000000000000001,96.17571110544962,1.3132180239563858,1.5680129577807598,29.815668323703342,125,53,72,42.4,40323.409999999996,30705.800000000003,9617.609999999993,3911.9,0,1,107.12355589699986,1.8467769793157855,3.295697798684103,14.399634752222648,63,30,33,47.61904761904762,23363.04,12650.71,10712.330000000002,1993.99,0,0,0.3,0.2116942448289464,-0.0,0.05,0.09617571110544963,0.01566090119781929,-0.008077632265701922
1c_risk,45,0.6720268156556557,True,97,18,75.0,44.0,17,6,2.2,11,32,1.8,2.2,3.5,0.029,0.6000000000000001,92.55361978074966,1.3275967095173187,1.586979710476651,28.63227218374015,125,53,72,42.4,37507.78,28252.39,9255.39,3523.56,0,1,100.89641598879989,1.8782492585993336,3.343189341488658,13.68249573555029,63,30,33,47.61904761904762,21578.059999999998,11488.39,10089.669999999998,1787.13,0,0,0.3,0.2195623146498334,-0.0,0.05,0.09255361978074966,0.016379835475865936,-0.006468954250793254
1c_risk,46,0.630537577217878,True,97,18,75.0,44.0,17,6,2.2,11,32,1.8,2.2,3.5,0.026000000000000002,0.55,82.37748766569966,1.3345996608413981,1.5895664077140221,26.116301359497946,125,53,72,42.4,32857.51000000001,24619.75,8237.76000000001,3087.78,0,1,88.68978806829998,1.8835826813622103,3.3325492785600135,12.362219224029245,63,30,33,47.61904761904762,18906.48,10037.51,8868.97,1568.26,0,0,0.2660693642048999,0.22089567034055257,-0.0,0.05,0.08237748766569966,0.016729983042069907,-0.005534928035344061
1c_risk,47,0.6736376107091483,True,97,18,75.0,44.0,17,6,2.2,11,32,1.8,2.2,3.5,0.03,0.65,98.40060809584979,1.321379464411106,1.5851463394161047,29.892903673390016,125,53,72,42.4,40458.34,30618.260000000002,9840.079999999994,3846.35,0,1,107.73554852804999,1.8638433055423254,3.3217197224238983,14.38292504845688,63,30,33,47.61904761904762,23245.219999999998,12471.66,10773.559999999998,1947.06,0,0,0.3,0.21596082638558134,-0.0,0.05,0.0984006080958498,0.016068973220555307,-0.0067927969928380984
1c_risk,48,0.6696572760410339,True,97,18,75.0,44.0,17,6,2.2,11,32,1.8,2.2,3.0,0.03,0.65,89.10015770239966,1.328348286508386,1.5663160853811158,28.724276721936082,125,53,72,42.4,36045.81999999999,27135.82,8909.999999999993,3317.63,0,1,99.38099567534991,1.8967142928037466,3.390967319169139,13.518694543612042,63,30,33,47.61904761904762,21021.000000000004,11082.85,9938.150000000003,1704.84,0,0,0.2981429870260497,0.22417857320093665,-0.0,0.05,0.08910015770239965,0.0164174143254193,-0.008181856213771384
1c_risk,49,0.6553076872410398,True,97,18,75.0,44.0,17,6,2.2,11,32,1.8,2.2,3.5,0.027,0.7,89.85007908839955,1.3083523858615713,1.5527952505754519,28.61568368728446,125,53,72,42.4,38123.740000000005,29138.74,8985.000000000004,3769.16,0,1,101.10496809204996,1.8355239507968448,3.270021865272555,13.760845363017632,63,30,33,47.61904761904762,22211.399999999998,12100.849999999999,10110.55,1929.9,0,0,0.3,0.2088809876992112,-0.0,0.05,0.08985007908839955,0.015417619293078567,-0.008840998839649453
1c_risk,50,0.41852612889144697,True,97,18,75.0,44.0,17,6,2.2,11,32,1.8,2.2,3.5,0.015,0.75,56.52653446614975,1.3559450000440787,1.656713386315349,17.457095235708977,125,53,72,42.4,21533.410000000003,15880.74,5652.670000000004,2284.91,0,1,46.13563897939999,1.6839103803232813,2.835061074271627,9.075067729946092,63,30,33,47.61904761904762,11359.390000000003,6745.839999999999,4613.550000000004,1124.8700000000001,0,0,0.13840691693819995,0.17097759508082033,-0.0,0.05,0.05652653446614975,0.017797250002203936,-0.015182167595927007
1c_risk,51,0.6654532248665134,True,97,18,75.0,44.0,17,6,2.2,11,32,1.8,2.2,4.0,0.029,0.6000000000000001,96.17571110544962,1.3132180239563858,1.5680129577807598,29.815668323703342,125,53,72,42.4,40323.409999999996,30705.800000000003,9617.609999999993,3911.9,0,1,107.12355589699986,1.8467769793157855,3.295697798684103,14.399634752222648,63,30,33,47.61904761904762,23363.04,12650.71,10712.330000000002,1993.99,0,0,0.3,0.2116942448289464,-0.0,0.05,0.09617571110544963,0.01566090119781929,-0.008077632265701922
1c_risk,52,0.4277129269200184,True,97,18,75.0,44.0,17,6,2.2,11,32,1.8,2.2,1.0,0.03,0.55,27.89007633339998,1.3801800131677058,1.4269114061241714,12.390165684150576,125,53,72,42.4,10125.180000000002,7336.130000000001,2789.050000000001,799.6,0,1,27.39013673065001,2.049831544007451,3.5153065904013836,4.189771981766739,63,30,33,47.61904761904762,5347.99,2608.9900000000002,2738.9999999999995,396.67,0,0,0.08217041019195002,0.25,-0.0,0.05,0.027890076333399978,0.01900900065838529,-0.0013565602637169217
1c_risk,53,0.6429176890368404,True,97,18,75.0,44.0,17,6,2.2,11,32,1.8,2.2,3.0,0.027,0.65,84.9475929165498,1.3330805599492468,1.5878211910219109,26.856251320793984,125,53,72,42.4,33998.54,25503.739999999998,8494.800000000003,3182.79,0,1,91.93923032109996,1.8857091385869544,3.3450598467941024,12.747529475795954,63,30,33,47.61904761904762,19574.170000000002,10380.269999999999,9193.900000000003,1616.68,0,0,0.27581769096329983,0.2214272846467386,-0.0,0.05,0.0849475929165498,0.01665402799746234,-0.005928907487210173
1c_risk,54,0.6720268156556557,True,97,18,75.0,44.0,17,6,2.2,11,32,1.8,2.2,3.5,0.029,0.6000000000000001,92.55361978074966,1.3275967095173187,1.586979710476651,28.63227218374015,125,53,72,42.4,37507.78,28252.39,9255.39,3523.56,0,1,100.89641598879989,1.8782492585993336,3.343189341488658,13.68249573555029,63,30,33,47.61904761904762,21578.059999999998,11488.39,10089.669999999998,1787.13,0,0,0.3,0.2195623146498334,-0.0,0.05,0.09255361978074966,0.016379835475865936,-0.006468954250793254
1c_risk,55,0.6251779823004824,True,97,18,75.0,44.0,17,6,2.2,11,32,1.8,2.2,3.5,0.025,0.65,82.22511062754951,1.3138825785699915,1.5540814973687216,26.74094011508078,125,53,72,42.4,34418.56,26196.07,8222.489999999998,3394.17,0,1,91.63822521655005,1.841860798403707,3.2685472633347,12.77123638714371,63,30,33,47.61904761904762,20049.06,10885.220000000001,9163.84,1739.28,0,0,0.27491467564965016,0.21046519960092674,-0.0,0.05,0.08222511062754952,0.015694128928499574,-0.008121132506143616
1c_risk,56,0.6563481658965568,True,97,18,75.0,44.0,17,6,2.2,11,32,1.8,2.2,3.0,0.03,0.6000000000000001,84.2549300844497,1.3324465881353966,1.5547894272664209,28.308098846786173,125,53,72,42.4,33769.02,25343.62,8425.399999999998,3057.22,0,1,95.00797661150001,1.9177787759794047,3.431288307027451,12.818463928998563,63,30,33,47.61904761904762,19852.75,10351.95,9500.8,1583.11,0,0,0.28502392983450003,0.22944469399485118,-0.0,0.05,0.0842549300844497,0.01662232940676983,-0.008997717424014026
1c_risk,57,0.6490157039176448,True,97,18,75.0,44.0,17,6,2.2,11,32,1.8,2.2,3.5,0.027,0.6000000000000001,87.45933347934967,1.3266366866238988,1.5829628186237943,27.44901923299516,125,53,72,42.4,35521.479999999996,26775.59,8745.889999999996,3382.84,0,1,94.89155287659993,1.8666541847806226,3.3108226173851545,13.115058094496684,63,30,33,47.61904761904762,20438.369999999995,10949.2,9489.169999999995,1716.95,0,0,0.2846746586297998,0.21666354619515565,-0.0,0.05,0.08745933347934967,0.01633183433119494,-0.006113668717855211
1c_risk,58,0.6615990932454776,True,97,18,75.0,44.0,17,6,2.2,11,32,1.8,2.2,3.0,0.029,0.65,87.93264988714967,1.3297719496878462,1.5746528232647607,28.012010473833225,125,53,72,42.4,35458.01,26664.73,8793.280000000002,3281.36,0,1,97.06457837309983,1.893553952119071,3.376759329571753,13.295080406119327,63,30,33,47.61904761904762,20569.260000000002,10862.78,9706.480000000001,1677.64,0,0,0.29119373511929947,0.22338848802976774,-0.0,0.05,0.08793264988714966,0.016488597484392308,-0.0074043772751316034
1c_risk,59,0.5986654530551783,True,97,18,75.0,44.0,17,6,2.2,11,32,1.8,2.2,2.5,0.024,0.7,74.45723693104978,1.3409470246983621,1.5904335911837149,24.212267973972583,125,53,72,42.4,29283.989999999998,21838.29,7445.699999999997,2734.81,0,1,79.59298121495009,1.893530555518135,3.339893545747267,11.380248354735443,63,30,33,47.61904761904762,16867.04,8907.72,7959.3200000000015,1391.61,0,0,0.23877894364485025,0.22338263887953375,-0.0,0.05,0.07445723693104978,0.017047351234918108,-0.005000717635173631
1c_risk,60,0.6736376107091483,True,97,18,75.0,44.0,17,6,2.2,11,32,1.8,2.2,3.5,0.03,0.65,98.40060809584979,1.321379464411106,1.5851463394161047,29.892903673390016,125,53,72,42.4,40458.34,30618.260000000002,9840.079999999994,3846.35,0,1,107.73554852804999,1.8638433055423254,3.3217197224238983,14.38292504845688,63,30,33,47.61904761904762,23245.219999999998,12471.66,10773.559999999998,1947.06,0,0,0.3,0.21596082638558134,-0.0,0.05,0.0984006080958498,0.016068973220555307,-0.0067927969928380984
1c_risk,61,0.6736376107091483,True,97,18,75.0,44.0,17,6,2.2,11,32,1.8,2.2,3.5,0.03,0.65,98.40060809584979,1.321379464411106,1.5851463394161047,29.892903673390016,125,53,72,42.4,40458.34,30618.260000000002,9840.079999999994,3846.35,0,1,107.73554852804999,1.8638433055423254,3.3217197224238983,14.38292504845688,63,30,33,47.61904761904762,23245.219999999998,12471.66,10773.559999999998,1947.06,0,0,0.3,0.21596082638558134,-0.0,0.05,0.0984006080958498,0.016068973220555307,-0.0067927969928380984
1c_risk,62,0.6736376107091483,True,97,18,75.0,44.0,17,6,2.2,11,32,1.8,2.2,3.5,0.03,0.65,98.40060809584979,1.321379464411106,1.5851463394161047,29.892903673390016,125,53,72,42.4,40458.34,30618.260000000002,9840.079999999994,3846.35,0,1,107.73554852804999,1.8638433055423254,3.3217197224238983,14.38292504845688,63,30,33,47.61904761904762,23245.219999999998,12471.66,10773.559999999998,1947.06,0,0,0.3,0.21596082638558134,-0.0,0.05,0.0984006080958498,0.016068973220555307,-0.0067927969928380984
1c_risk,63,0.6736376107091483,True,97,18,75.0,44.0,17,6,2.2,11,32,1.8,2.2,3.5,0.03,0.65,98.40060809584979,1.321379464411106,1.5851463394161047,29.892903673390016,125,53,72,42.4,40458.34,30618.260000000002,9840.079999999994,3846.35,0,1,107.73554852804999,1.8638433055423254,3.3217197224238983,14.38292504845688,63,30,33,47.61904761904762,23245.219999999998,12471.66,10773.559999999998,1947.06,0,0,0.3,0.21596082638558134,-0.0,0.05,0.0984006080958498,0.016068973220555307,-0.0067927969928380984
1c_risk,64,0.6736195420054923,True,97,18,75.0,44.0,17,6,2.2,11,32,1.8,2.2,3.0,0.03,0.7,94.19569990364965,1.3261503122979865,1.5819662933108103,29.204692458208036,125,53,72,42.4,38300.64000000001,28881.07,9419.570000000007,3578.19,0,1,103.49595371925,1.880691850605063,3.357014433869578,14.00544247732931,63,30,33,47.61904761904762,22101.270000000004,11751.670000000002,10349.600000000002,1820.15,0,0,0.3,0.22017296265126574,-0.0,0.05,0.09419569990364966,0.016307515614899327,-0.007056636164322401
1c_risk,65,0.6736195420054923,True,97,18,75.0,44.0,17,6,2.2,11,32,1.8,2.2,3.0,0.03,0.7,94.19569990364965,1.3261503122979865,1.5819662933108103,29.204692458208036,125,53,72,42.4,38300.64000000001,28881.07,9419.570000000007,3578.19,0,1,103.49595371925,1.880691850605063,3.357014433869578,14.00544247732931,63,30,33,47.61904761904762,22101.270000000004,11751.670000000002,10349.600000000002,1820.15,0,0,0.3,0.22017296265126574,-0.0,0.05,0.09419569990364966,0.016307515614899327,-0.007056636164322401
1c_risk,66,0.6627085908591737,True,97,18,75.0,44.0,17,6,2.2,11,32,1.8,2.2,2.5,0.03,0.75,86.70461806899974,1.3304228196871248,1.5602762752165167,28.55600750374699,125,53,72,42.4,34910.96,26240.5,8670.46,3186.93,0,1,97.20079212064992,1.9057660804109064,3.4094153061483365,13.208909469495728,63,30,33,47.61904761904762,20451.499999999996,10731.380000000001,9720.119999999995,1645.18,0,0,0.29160237636194974,0.2264415201027266,-0.0,0.05,0.08670461806899975,0.016521140984356242,-0.00856106465885873
1c_risk,67,0.6518834109712522,True,97,18,75.0,44.0,17,6,2.2,11,32,1.8,2.2,3.0,0.028,0.65,86.5269098788996,1.3315472367870493,1.5820707853514022,27.431540797392078,125,53,72,42.4,34750.56,26097.879999999997,8652.68,3234.01,0,1,94.41142618054997,1.888324868320276,3.359266864729796,13.069831685069163,63,30,33,47.61904761904762,20069.229999999996,10628.060000000001,9441.169999999995,1647.52,0,0,0.2832342785416499,0.222081217080069,-0.0,0.05,0.0865269098788996,0.016577361839352468,-0.00653635636871874
1c_risk,68,0.6687318493828016,True,97,18,75.0,44.0,17,6,2.2,11,32,1.8,2.2,3.5,0.03,0.7,99.8649114578493,1.3121333335833776,1.5703988466565477,30.584418045691336,125,53,72,42.4,41980.840000000004,31994.34,9986.500000000004,4065.36,0,1,111.21466520474999,1.8453030989392525,3.297282484303958,14.833996471543939,63,30,33,47.61904761904762,24278.21,13156.76,11121.449999999999,2068.86,0,0,0.3,0.21132577473481312,-0.0,0.05,0.09986491145784931,0.015606666679168879,-0.008065503489029683
1c_risk,69,0.6429176890368404,True,97,18,75.0,44.0,17,6,2.2,11,32,1.8,2.2,3.0,0.027,0.65,84.9475929165498,1.3330805599492468,1.5878211910219109,26.856251320793984,125,53,72,42.4,33998.54,25503.739999999998,8494.800000000003,3182.79,0,1,91.93923032109996,1.8857091385869544,3.3450598467941024,12.747529475795954,63,30,33,47.61904761904762,19574.170000000002,10380.269999999999,9193.900000000003,1616.68,0,0,0.27581769096329983,0.2214272846467386,-0.0,0.05,0.0849475929165498,0.01665402799746234,-0.005928907487210173
1c_risk,70,0.6339521316007178,True,97,18,75.0,44.0,17,6,2.2,11,32,1.8,2.2,2.5,0.028,0.7,80.00919924814963,1.3354112491683794,1.5613040810603822,26.8615173776035,125,53,72,42.4,31854.939999999995,23854.03,8000.909999999996,2900.26,0,1,88.99397971434999,1.9126597518628745,3.4099257977378015,12.34374472527993,63,30,33,47.61904761904762,18650.460000000003,9751.060000000001,8899.400000000001,1497.03,0,0,0.26698193914304996,0.22816493796571863,-0.0,0.05,0.08000919924814964,0.01677056245841897,-0.007974507214619326
1c_risk,71,0.6736195420054923,True,97,18,75.0,44.0,17,6,2.2,11,32,1.8,2.2,3.0,0.03,0.7,94.19569990364965,1.3261503122979865,1.5819662933108103,29.204692458208036,125,53,72,42.4,38300.64000000001,28881.07,9419.570000000007,3578.19,0,1,103.49595371925,1.880691850605063,3.357014433869578,14.00544247732931,63,30,33,47.61904761904762,22101.270000000004,11751.670000000002,10349.600000000002,1820.15,0,0,0.3,0.22017296265126574,-0.0,0.05,0.09419569990364966,0.016307515614899327,-0.007056636164322401
1c_risk,72,0.6736376107091483,True,97,18,75.0,44.0,17,6,2.2,11,32,1.8,2.2,3.5,0.03,0.65,98.40060809584979,1.321379464411106,1.5851463394161047,29.892903673390016,125,53,72,42.4,40458.34,30618.260000000002,9840.079999999994,3846.35,0,1,107.73554852804999,1.8638433055423254,3.3217197224238983,14.38292504845688,63,30,33,47.61904761904762,23245.219999999998,12471.66,10773.559999999998,1947.06,0,0,0.3,0.21596082638558134,-0.0,0.05,0.0984006080958498,0.016068973220555307,-0.0067927969928380984
1c_risk,73,0.6736376107091483,True,97,18,75.0,44.0,17,6,2.2,11,32,1.8,2.2,3.5,0.03,0.65,98.40060809584979,1.321379464411106,1.5851463394161047,29.892903673390016,125,53,72,42.4,40458.34,30618.260000000002,9840.079999999994,3846.35,0,1,107.73554852804999,1.8638433055423254,3.3217197224238983,14.38292504845688,63,30,33,47.61904761904762,23245.219999999998,12471.66,10773.559999999998,1947.06,0,0,0.3,0.21596082638558134,-0.0,0.05,0.0984006080958498,0.016068973220555307,-0.0067927969928380984
1c_risk,74,0.6638576492075785,True,97,18,75.0,44.0,17,6,2.2,11,32,1.8,2.2,3.5,0.028,0.65,91.97758800014974,1.3182795274745884,1.5727327432252507,28.739875085727608,125,53,72,42.4,38096.09,28898.34,9197.749999999996,3673.29,0,1,101.38294523340005,1.8530492730210013,3.298135690627993,13.848793750283301,63,30,33,47.61904761904762,22023.119999999995,11884.8,10138.319999999996,1870.5,0,0,0.3,0.21326231825525033,-0.0,0.05,0.09197758800014974,0.015913976373729422,-0.00729623342155099
1c_risk,75,0.5040766396622686,True,97,18,75.0,44.0,17,6,2.2,11,32,1.8,2.2,3.5,0.029,0.25,46.41811662784985,1.3827639264993516,1.4801126131628077,17.594469171062304,125,53,72,42.4,16769.11,12127.240000000002,4641.869999999999,1354.91,0,1,46.25918621485002,2.026444835956811,3.5136442517980493,6.605956437532506,63,30,33,47.61904761904762,9132.66,4506.740000000001,4625.919999999999,682.38,0,0,0.13877755864455005,0.25,-0.0,0.05,0.04641811662784985,0.019138196324967584,-0.00025723193509889975
1c_risk,76,0.6402716274035479,True,97,18,75.0,44.0,17,6,2.2,11,32,1.8,2.2,3.5,0.026000000000000002,0.65,85.12703020304976,1.3141272287879755,1.5555728626525613,27.489626780930227,125,53,72,42.4,35612.020000000004,27099.370000000003,8512.650000000001,3486.91,0,1,95.37297941884997,1.8473357451526695,3.2837541677801743,13.12998415251182,63,30,33,47.61904761904762,20793.02,11255.68,9537.34,1789.78,0,0,0.2861189382565499,0.21183393628816738,-0.0,0.05,0.08512703020304976,0.015706361439398776,-0.0085146387836179
1c_risk,77,0.6638576492075785,True,97,18,75.0,44.0,17,6,2.2,11,32,1.8,2.2,3.5,0.028,0.65,91.97758800014974,1.3182795274745884,1.5727327432252507,28.739875085727608,125,53,72,42.4,38096.09,28898.34,9197.749999999996,3673.29,0,1,101.38294523340005,1.8530492730210013,3.298135690627993,13.848793750283301,63,30,33,47.61904761904762,22023.119999999995,11884.8,10138.319999999996,1870.5,0,0,0.3,0.21326231825525033,-0.0,0.05,0.09197758800014974,0.015913976373729422,-0.00729623342155099
1c_risk,78,0.6736376107091483,True,97,18,75.0,44.0,17,6,2.2,11,32,1.8,2.2,3.5,0.03,0.65,98.40060809584979,1.321379464411106,1.5851463394161047,29.892903673390016,125,53,72,42.4,40458.34,30618.260000000002,9840.079999999994,3846.35,0,1,107.73554852804999,1.8638433055423254,3.3217197224238983,14.38292504845688,63,30,33,47.61904761904762,23245.219999999998,12471.66,10773.559999999998,1947.06,0,0,0.3,0.21596082638558134,-0.0,0.05,0.0984006080958498,0.016068973220555307,-0.0067927969928380984
1c_risk,79,0.6637544742128588,True,97,18,75.0,44.0,17,6,2.2,11,32,1.8,2.2,4.0,0.03,0.65,100.41767318904952,1.3038560335079392,1.5538568775258326,31.12093874384463,125,53,72,42.4,43089.42999999999,33047.69,10041.73999999999,4236.03,0,1,114.44539967989999,1.834881948066633,3.2857100121350444,15.064013542113239,63,30,33,47.61904761904762,25152.47,13707.95,11444.52,2170.46,0,0,0.3,0.20872048701665824,-0.0003657916692185077,0.05,0.1,0.015192801675396961,-0.009793022809977918
1c_risk,80,0.6515424005604293,True,97,18,75.0,44.0,17,6,2.2,11,32,1.8,2.2,3.5,0.027,0.75,90.89251529914971,1.3017679282868524,1.5425583143363162,29.159248881673644,125,53,72,42.4,39209.24999999999,30120.0,9089.249999999993,3937.85,0,1,101.89221796625003,1.8164801060306541,3.2290798424525575,14.032795322654632,63,30,33,47.61904761904762,22668.600000000006,12479.41,10189.190000000006,2002.3,0,0,0.3,0.20412002650766353,-0.0,0.05,0.09089251529914971,0.01508839641434262,-0.008558537660726562
1c_risk,81,0.6687233152765496,True,97,18,75.0,44.0,17,6,2.2,11,32,1.8,2.2,3.5,0.029,0.65,95.22944707849962,1.3198319378532781,1.5792993183694137,29.317875386171703,125,53,72,42.4,39297.6,29774.7,9522.899999999998,3762.03,0,1,104.43902526644983,1.8576836942766173,3.307915818513226,14.119479479454103,63,30,33,47.61904761904762,22620.809999999998,12176.89,10443.919999999998,1908.17,0,0,0.3,0.21442092356915432,-0.0,0.05,0.09522944707849962,0.01599159689266391,-0.006918652263768246
1c_risk,82,0.6736376107091483,True,97,18,75.0,44.0,17,6,2.2,11,32,1.8,2.2,3.5,0.03,0.65,98.40060809584979,1.321379464411106,1.5851463394161047,29.892903673390016,125,53,72,42.4,40458.34,30618.260000000002,9840.079999999994,3846.35,0,1,107.73554852804999,1.8638433055423254,3.3217197224238983,14.38292504845688,63,30,33,47.61904761904762,23245.219999999998,12471.66,10773.559999999998,1947.06,0,0,0.3,0.21596082638558134,-0.0,0.05,0.0984006080958498,0.016068973220555307,-0.0067927969928380984
1c_risk,83,0.6736376107091483,True,97,18,75.0,44.0,17,6,2.2,11,32,1.8,2.2,3.5,0.03,0.65,98.40060809584979,1.321379464411106,1.5851463394161047,29.892903673390016,125,53,72,42.4,40458.34,30618.260000000002,9840.079999999994,3846.35,0,1,107.73554852804999,1.8638433055423254,3.3217197224238983,14.38292504845688,63,30,33,47.61904761904762,23245.219999999998,12471.66,10773.559999999998,1947.06,0,0,0.3,0.21596082638558134,-0.0,0.05,0.0984006080958498,0.016068973220555307,-0.0067927969928380984
1c_risk,84,0.6570332217465064,True,97,18,75.0,44.0,17,6,2.2,11,32,1.8,2.2,4.0,0.029,0.7,98.73580867009964,1.296783148931719,1.5424209339242227,30.986299101864496,125,53,72,42.4,43142.51,33268.87,9873.64,4339.91,0,1,111.7972261368,1.8114399936708998,3.2336810379845113,15.016761473012252,63,30,33,47.61904761904762,24957.35,13777.63,11179.72,2205.78,0,0,0.3,0.20285999841772495,-9.577984578429876e-05,0.05,0.09873580867009965,0.01483915744658595,-0.009305962942119933
1c_risk,85,0.6638576492075785,True,97,18,75.0,44.0,17,6,2.2,11,32,1.8,2.2,3.5,0.028,0.65,91.97758800014974,1.3182795274745884,1.5727327432252507,28.739875085727608,125,53,72,42.4,38096.09,28898.34,9197.749999999996,3673.29,0,1,101.38294523340005,1.8530492730210013,3.298135690627993,13.848793750283301,63,30,33,47.61904761904762,22023.119999999995,11884.8,10138.319999999996,1870.5,0,0,0.3,0.21326231825525033,-0.0,0.05,0.09197758800014974,0.015913976373729422,-0.00729623342155099
1c_risk,86,0.6736195420054923,True,97,18,75.0,44.0,17,6,2.2,11,32,1.8,2.2,3.5,0.03,0.6000000000000001,94.19569990364965,1.3261503122979865,1.5819662933108103,29.204692458208036,125,53,72,42.4,38300.64000000001,28881.07,9419.570000000007,3578.19,0,1,103.49595371925,1.880691850605063,3.357014433869578,14.00544247732931,63,30,33,47.61904761904762,22101.270000000004,11751.670000000002,10349.600000000002,1820.15,0,0,0.3,0.22017296265126574,-0.0,0.05,0.09419569990364966,0.016307515614899327,-0.007056636164322401
1c_risk,87,0.6519828115367728,True,97,18,75.0,44.0,17,6,2.2,11,32,1.8,2.2,4.0,0.028,0.7,95.13850354549966,1.2960927672124087,1.53731063770016,30.261147983945147,125,53,72,42.4,41644.990000000005,32131.18,9513.810000000005,4215.79,0,1,106.58094932874992,1.802193410285591,3.206311108365038,14.660921073076704,63,30,33,47.61904761904762,23944.230000000007,13286.16,10658.070000000007,2133.29,0,0,0.3,0.20054835257139775,-0.0,0.05,0.09513850354549967,0.014804638360620438,-0.008508682940744985
1c_risk,88,0.6687233152765496,True,97,18,75.0,44.0,17,6,2.2,11,32,1.8,2.2,3.5,0.029,0.65,95.22944707849962,1.3198319378532781,1.5792993183694137,29.317875386171703,125,53,72,42.4,39297.6,29774.7,9522.899999999998,3762.03,0,1,104.43902526644983,1.8576836942766173,3.307915818513226,14.119479479454103,63,30,33,47.61904761904762,22620.809999999998,12176.89,10443.919999999998,1908.17,0,0,0.3,0.21442092356915432,-0.0,0.05,0.09522944707849962,0.01599159689266391,-0.006918652263768246
1c_risk,89,0.6563481658965568,True,97,18,75.0,44.0,17,6,2.2,11,32,1.8,2.2,3.0,0.03,0.6000000000000001,84.2549300844497,1.3324465881353966,1.5547894272664209,28.308098846786173,125,53,72,42.4,33769.02,25343.62,8425.399999999998,3057.22,0,1,95.00797661150001,1.9177787759794047,3.431288307027451,12.818463928998563,63,30,33,47.61904761904762,19852.75,10351.95,9500.8,1583.11,0,0,0.28502392983450003,0.22944469399485118,-0.0,0.05,0.0842549300844497,0.01662232940676983,-0.008997717424014026
1c_risk,90,0.6521577576853361,True,97,18,75.0,44.0,17,6,2.2,11,32,1.8,2.2,4.0,0.027,0.65,90.79941595874959,1.3027514860078362,1.544263789258138,29.08988233581511,125,53,72,42.4,39071.38,29991.43,9079.949999999997,3915.48,0,1,101.86543358550004,1.8193450413189902,3.2358820691000907,13.99345934843724,63,30,33,47.61904761904762,22619.079999999998,12432.539999999999,10186.539999999999,1993.33,0,0,0.3,0.20483626032974755,-0.0,0.05,0.0907994159587496,0.01513757430039181,-0.008615492903552888
1c_risk,91,0.6736376107091483,True,97,18,75.0,44.0,17,6,2.2,11,32,1.8,2.2,3.5,0.03,0.65,98.40060809584979,1.321379464411106,1.5851463394161047,29.892903673390016,125,53,72,42.4,40458.34,30618.260000000002,9840.079999999994,3846.35,0,1,107.73554852804999,1.8638433055423254,3.3217197224238983,14.38292504845688,63,30,33,47.61904761904762,23245.219999999998,12471.66,10773.559999999998,1947.06,0,0,0.3,0.21596082638558134,-0.0,0.05,0.0984006080958498,0.016068973220555307,-0.0067927969928380984
1c_risk,92,0.6687233152765496,True,97,18,75.0,44.0,17,6,2.2,11,32,1.8,2.2,3.5,0.029,0.65,95.22944707849962,1.3198319378532781,1.5792993183694137,29.317875386171703,125,53,72,42.4,39297.6,29774.7,9522.899999999998,3762.03,0,1,104.43902526644983,1.8576836942766173,3.307915818513226,14.119479479454103,63,30,33,47.61904761904762,22620.809999999998,12176.89,10443.919999999998,1908.17,0,0,0.3,0.21442092356915432,-0.0,0.05,0.09522944707849962,0.01599159689266391,-0.006918652263768246
1c_risk,93,0.6687318493828016,True,97,18,75.0,44.0,17,6,2.2,11,32,1.8,2.2,3.5,0.03,0.7,99.8649114578493,1.3121333335833776,1.5703988466565477,30.584418045691336,125,53,72,42.4,41980.840000000004,31994.34,9986.500000000004,4065.36,0,1,111.21466520474999,1.8453030989392525,3.297282484303958,14.833996471543939,63,30,33,47.61904761904762,24278.21,13156.76,11121.449999999999,2068.86,0,0,0.3,0.21132577473481312,-0.0,0.05,0.09986491145784931,0.015606666679168879,-0.008065503489029683
1c_risk,94,0.6720268156556557,True,97,18,75.0,44.0,17,6,2.2,11,32,1.8,2.2,3.5,0.029,0.6000000000000001,92.55361978074966,1.3275967095173187,1.586979710476651,28.63227218374015,125,53,72,42.4,37507.78,28252.39,9255.39,3523.56,0,1,100.89641598879989,1.8782492585993336,3.343189341488658,13.68249573555029,63,30,33,47.61904761904762,21578.059999999998,11488.39,10089.669999999998,1787.13,0,0,0.3,0.2195623146498334,-0.0,0.05,0.09255361978074966,0.016379835475865936,-0.006468954250793254
1c_risk,95,0.3456646696105529,True,97,18,75.0,44.0,17,6,2.2,11,32,1.8,2.2,3.0,0.01,0.65,36.102980575999865,1.3737401343304596,1.6607367399705713,11.918120198219475,125,53,72,42.4,13270.0,9659.76,3610.24,1402.57,0,1,28.863933724100043,1.6839875259481134,2.7866833894546663,6.107678382262385,63,30,33,47.61904761904762,7106.360000000001,4219.96,2886.4000000000005,709.86,0,0,0.08659180117230013,0.17099688148702835,-0.0,0.05,0.036102980575999866,0.018687006716522982,-0.01671400034129839
1c_risk,96,0.6736195420054923,True,97,18,75.0,44.0,17,6,2.2,11,32,1.8,2.2,3.5,0.03,0.6000000000000001,94.19569990364965,1.3261503122979865,1.5819662933108103,29.204692458208036,125,53,72,42.4,38300.64000000001,28881.07,9419.570000000007,3578.19,0,1,103.49595371925,1.880691850605063,3.357014433869578,14.00544247732931,63,30,33,47.61904761904762,22101.270000000004,11751.670000000002,10349.600000000002,1820.15,0,0,0.3,0.22017296265126574,-0.0,0.05,0.09419569990364966,0.016307515614899327,-0.007056636164322401
1c_risk,97,0.6519828115367728,True,97,18,75.0,44.0,17,6,2.2,11,32,1.8,2.2,4.0,0.028,0.7,95.13850354549966,1.2960927672124087,1.53731063770016,30.261147983945147,125,53,72,42.4,41644.990000000005,32131.18,9513.810000000005,4215.79,0,1,106.58094932874992,1.802193410285591,3.206311108365038,14.660921073076704,63,30,33,47.61904761904762,23944.230000000007,13286.16,10658.070000000007,2133.29,0,0,0.3,0.20054835257139775,-0.0,0.05,0.09513850354549967,0.014804638360620438,-0.008508682940744985
1c_risk,98,0.6687233152765496,True,97,18,75.0,44.0,17,6,2.2,11,32,1.8,2.2,3.5,0.029,0.65,95.22944707849962,1.3198319378532781,1.5792993183694137,29.317875386171703,125,53,72,42.4,39297.6,29774.7,9522.899999999998,3762.03,0,1,104.43902526644983,1.8576836942766173,3.307915818513226,14.119479479454103,63,30,33,47.61904761904762,22620.809999999998,12176.89,10443.919999999998,1908.17,0,0,0.3,0.21442092356915432,-0.0,0.05,0.09522944707849962,0.01599159689266391,-0.006918652263768246
1c_risk,99,0.6736376107091483,True,97,18,75.0,44.0,17,6,2.2,11,32,1.8,2.2,3.5,0.03,0.65,98.40060809584979,1.321379464411106,1.5851463394161047,29.892903673390016,125,53,72,42.4,40458.34,30618.260000000002,9840.079999999994,3846.35,0,1,107.73554852804999,1.8638433055423254,3.3217197224238983,14.38292504845688,63,30,33,47.61904761904762,23245.219999999998,12471.66,10773.559999999998,1947.06,0,0,0.3,0.21596082638558134,-0.0,0.05,0.0984006080958498,0.016068973220555307,-0.0067927969928380984
1c_risk,100,0.6570332217465064,True,97,18,75.0,44.0,17,6,2.2,11,32,1.8,2.2,4.0,0.029,0.7,98.73580867009964,1.296783148931719,1.5424209339242227,30.986299101864496,125,53,72,42.4,43142.51,33268.87,9873.64,4339.91,0,1,111.7972261368,1.8114399936708998,3.2336810379845113,15.016761473012252,63,30,33,47.61904761904762,24957.35,13777.63,11179.72,2205.78,0,0,0.3,0.20285999841772495,-9.577984578429876e-05,0.05,0.09873580867009965,0.01483915744658595,-0.009305962942119933
1c_risk,101,0.6736376107091483,True,97,18,75.0,44.0,17,6,2.2,11,32,1.8,2.2,3.5,0.03,0.65,98.40060809584979,1.321379464411106,1.5851463394161047,29.892903673390016,125,53,72,42.4,40458.34,30618.260000000002,9840.079999999994,3846.35,0,1,107.73554852804999,1.8638433055423254,3.3217197224238983,14.38292504845688,63,30,33,47.61904761904762,23245.219999999998,12471.66,10773.559999999998,1947.06,0,0,0.3,0.21596082638558134,-0.0,0.05,0.0984006080958498,0.016068973220555307,-0.0067927969928380984
1c_risk,102,0.6736376107091483,True,97,18,75.0,44.0,17,6,2.2,11,32,1.8,2.2,3.5,0.03,0.65,98.40060809584979,1.321379464411106,1.5851463394161047,29.892903673390016,125,53,72,42.4,40458.34,30618.260000000002,9840.079999999994,3846.35,0,1,107.73554852804999,1.8638433055423254,3.3217197224238983,14.38292504845688,63,30,33,47.61904761904762,23245.219999999998,12471.66,10773.559999999998,1947.06,0,0,0.3,0.21596082638558134,-0.0,0.05,0.0984006080958498,0.016068973220555307,-0.0067927969928380984
1c_risk,103,0.6687233152765496,True,97,18,75.0,44.0,17,6,2.2,11,32,1.8,2.2,3.5,0.029,0.65,95.22944707849962,1.3198319378532781,1.5792993183694137,29.317875386171703,125,53,72,42.4,39297.6,29774.7,9522.899999999998,3762.03,0,1,104.43902526644983,1.8576836942766173,3.307915818513226,14.119479479454103,63,30,33,47.61904761904762,22620.809999999998,12176.89,10443.919999999998,1908.17,0,0,0.3,0.21442092356915432,-0.0,0.05,0.09522944707849962,0.01599159689266391,-0.006918652263768246
1c_risk,104,0.6380138355409756,True,97,18,75.0,44.0,17,6,2.2,11,32,1.8,2.2,3.0,0.028,0.6000000000000001,81.51733520884954,1.333801922950927,1.5649440946429412,26.978742044124125,125,53,72,42.4,32572.51,24420.8,8151.709999999999,2983.19,0,1,90.37027850229995,1.9056848270318913,3.3958859477893637,12.567200583742455,63,30,33,47.61904761904762,19015.189999999995,9978.14,9037.049999999996,1535.43,0,0,0.27111083550689985,0.22642120675797284,-0.0,0.05,0.08151733520884955,0.01669009614754635,-0.007725638080293066
1c_risk,105,0.6736376107091483,True,97,18,75.0,44.0,17,6,2.2,11,32,1.8,2.2,3.5,0.03,0.65,98.40060809584979,1.321379464411106,1.5851463394161047,29.892903673390016,125,53,72,42.4,40458.34,30618.260000000002,9840.079999999994,3846.35,0,1,107.73554852804999,1.8638433055423254,3.3217197224238983,14.38292504845688,63,30,33,47.61904761904762,23245.219999999998,12471.66,10773.559999999998,1947.06,0,0,0.3,0.21596082638558134,-0.0,0.05,0.0984006080958498,0.016068973220555307,-0.0067927969928380984
1c_risk,106,0.6687233152765496,True,97,18,75.0,44.0,17,6,2.2,11,32,1.8,2.2,3.5,0.029,0.65,95.22944707849962,1.3198319378532781,1.5792993183694137,29.317875386171703,125,53,72,42.4,39297.6,29774.7,9522.899999999998,3762.03,0,1,104.43902526644983,1.8576836942766173,3.307915818513226,14.119479479454103,63,30,33,47.61904761904762,22620.809999999998,12176.89,10443.919999999998,1908.17,0,0,0.3,0.21442092356915432,-0.0,0.05,0.09522944707849962,0.01599159689266391,-0.006918652263768246
1c_risk,107,0.272020965730593,True,97,18,75.0,44.0,17,6,2.2,11,32,1.8,2.2,3.5,0.005,0.6000000000000001,16.723425462349915,1.3805098918101046,1.6259421745294462,6.100013892391356,125,53,72,42.4,6067.410000000001,4395.05,1672.3600000000006,645.51,0,1,13.280517442299933,1.6545710849549493,2.659272599604788,3.08280321674679,63,30,33,47.61904761904762,3356.8599999999997,2028.8400000000001,1328.0199999999995,351.99,0,0,0.039841552326899794,0.16364277123873733,-0.0,0.05,0.01672342546234992,0.019025494590505232,-0.017212277887899287
1c_risk,108,0.6569254998306872,True,97,18,75.0,44.0,17,6,2.2,11,32,1.8,2.2,4.0,0.028,0.65,94.27905791529946,1.303514831611368,1.5499007994928573,29.720128082974036,125,53,72,42.4,40490.26000000001,31062.37,9427.89000000001,4030.59,0,1,106.38930163629989,1.8260925269225066,3.2583027637332314,14.351104266557844,63,30,33,47.61904761904762,23517.57,12878.63,10638.94,2056.76,0,0,0.3,0.20652313173062664,-0.0,0.05,0.09427905791529946,0.015175741580568404,-0.009052431395807393
1c_risk,109,0.6736195420054923,True,97,18,75.0,44.0,17,6,2.2,11,32,1.8,2.2,3.0,0.03,0.7,94.19569990364965,1.3261503122979865,1.5819662933108103,29.204692458208036,125,53,72,42.4,38300.64000000001,28881.07,9419.570000000007,3578.19,0,1,103.49595371925,1.880691850605063,3.357014433869578,14.00544247732931,63,30,33,47.61904761904762,22101.270000000004,11751.670000000002,10349.600000000002,1820.15,0,0,0.3,0.22017296265126574,-0.0,0.05,0.09419569990364966,0.016307515614899327,-0.007056636164322401
1c_risk,110,0.6350000481832675,True,97,18,75.0,44.0,17,6,2.2,11,32,1.8,2.2,3.5,0.026000000000000002,0.6000000000000001,84.23468487624974,1.3245920957005795,1.5752686322721678,26.86051350710774,125,53,72,42.4,34374.409999999996,25950.940000000002,8423.469999999994,3299.45,0,1,91.92693106095001,1.8612193696107564,3.2996865381979794,12.851565567359652,63,30,33,47.61904761904762,19866.73,10674.04,9192.689999999999,1681.44,0,0,0.27578079318285004,0.2153048424026891,-0.0,0.05,0.08423468487624974,0.016229604785028974,-0.006549877063550404
1c_risk,111,0.6736376107091483,True,97,18,75.0,44.0,17,6,2.2,11,32,1.8,2.2,3.5,0.03,0.65,98.40060809584979,1.321379464411106,1.5851463394161047,29.892903673390016,125,53,72,42.4,40458.34,30618.260000000002,9840.079999999994,3846.35,0,1,107.73554852804999,1.8638433055423254,3.3217197224238983,14.38292504845688,63,30,33,47.61904761904762,23245.219999999998,12471.66,10773.559999999998,1947.06,0,0,0.3,0.21596082638558134,-0.0,0.05,0.0984006080958498,0.016068973220555307,-0.0067927969928380984
1c_risk,112,0.6687233152765496,True,97,18,75.0,44.0,17,6,2.2,11,32,1.8,2.2,3.5,0.029,0.65,95.22944707849962,1.3198319378532781,1.5792993183694137,29.317875386171703,125,53,72,42.4,39297.6,29774.7,9522.899999999998,3762.03,0,1,104.43902526644983,1.8576836942766173,3.307915818513226,14.119479479454103,63,30,33,47.61904761904762,22620.809999999998,12176.89,10443.919999999998,1908.17,0,0,0.3,0.21442092356915432,-0.0,0.05,0.09522944707849962,0.01599159689266391,-0.006918652263768246
1c_risk,113,0.6736376107091483,True,97,18,75.0,44.0,17,6,2.2,11,32,1.8,2.2,3.5,0.03,0.65,98.40060809584979,1.321379464411106,1.5851463394161047,29.892903673390016,125,53,72,42.4,40458.34,30618.260000000002,9840.079999999994,3846.35,0,1,107.73554852804999,1.8638433055423254,3.3217197224238983,14.38292504845688,63,30,33,47.61904761904762,23245.219999999998,12471.66,10773.559999999998,1947.06,0,0,0.3,0.21596082638558134,-0.0,0.05,0.0984006080958498,0.016068973220555307,-0.0067927969928380984
1c_risk,114,0.6687318493828016,True,97,18,75.0,44.0,17,6,2.2,11,32,1.8,2.2,3.5,0.03,0.7,99.8649114578493,1.3121333335833776,1.5703988466565477,30.584418045691336,125,53,72,42.4,41980.840000000004,31994.34,9986.500000000004,4065.36,0,1,111.21466520474999,1.8453030989392525,3.297282484303958,14.833996471543939,63,30,33,47.61904761904762,24278.21,13156.76,11121.449999999999,2068.86,0,0,0.3,0.21132577473481312,-0.0,0.05,0.09986491145784931,0.015606666679168879,-0.008065503489029683
1c_risk,115,0.6615990932454776,True,97,18,75.0,44.0,17,6,2.2,11,32,1.8,2.2,3.0,0.029,0.65,87.93264988714967,1.3297719496878462,1.5746528232647607,28.012010473833225,125,53,72,42.4,35458.01,26664.73,8793.280000000002,3281.36,0,1,97.06457837309983,1.893553952119071,3.376759329571753,13.295080406119327,63,30,33,47.61904761904762,20569.260000000002,10862.78,9706.480000000001,1677.64,0,0,0.29119373511929947,0.22338848802976774,-0.0,0.05,0.08793264988714966,0.016488597484392308,-0.0074043772751316034
1c_risk,116,0.6638576492075785,True,97,18,75.0,44.0,17,6,2.2,11,32,1.8,2.2,3.5,0.028,0.65,91.97758800014974,1.3182795274745884,1.5727327432252507,28.739875085727608,125,53,72,42.4,38096.09,28898.34,9197.749999999996,3673.29,0,1,101.38294523340005,1.8530492730210013,3.298135690627993,13.848793750283301,63,30,33,47.61904761904762,22023.119999999995,11884.8,10138.319999999996,1870.5,0,0,0.3,0.21326231825525033,-0.0,0.05,0.09197758800014974,0.015913976373729422,-0.00729623342155099
1c_risk,117,0.40648071270268643,True,97,18,75.0,44.0,17,6,2.2,11,32,1.8,2.2,4.0,0.014000000000000002,0.6000000000000001,52.18045657999993,1.3594391480450776,1.6576988978682308,16.37118736483385,125,53,72,42.4,19735.25,14517.199999999999,5218.050000000001,2087.44,0,1,42.79562471659996,1.6910532477493836,2.84535275822938,8.486104472376816,63,30,33,47.61904761904762,10472.269999999997,6192.750000000001,4279.519999999996,1033.09,0,0,0.12838687414979988,0.1727633119373459,-0.0,0.05,0.05218045657999992,0.01797195740225388,-0.01482188736671315
1c_risk,118,0.6687318493828016,True,97,18,75.0,44.0,17,6,2.2,11,32,1.8,2.2,3.5,0.03,0.7,99.8649114578493,1.3121333335833776,1.5703988466565477,30.584418045691336,125,53,72,42.4,41980.840000000004,31994.34,9986.500000000004,4065.36,0,1,111.21466520474999,1.8453030989392525,3.297282484303958,14.833996471543939,63,30,33,47.61904761904762,24278.21,13156.76,11121.449999999999,2068.86,0,0,0.3,0.21132577473481312,-0.0,0.05,0.09986491145784931,0.015606666679168879,-0.008065503489029683
1c_risk,119,0.6615990932454776,True,97,18,75.0,44.0,17,6,2.2,11,32,1.8,2.2,3.0,0.029,0.65,87.93264988714967,1.3297719496878462,1.5746528232647607,28.012010473833225,125,53,72,42.4,35458.01,26664.73,8793.280000000002,3281.36,0,1,97.06457837309983,1.893553952119071,3.376759329571753,13.295080406119327,63,30,33,47.61904761904762,20569.260000000002,10862.78,9706.480000000001,1677.64,0,0,0.29119373511929947,0.22338848802976774,-0.0,0.05,0.08793264988714966,0.016488597484392308,-0.0074043772751316034
1c_risk,120,0.6637544742128588,True,97,18,75.0,44.0,17,6,2.2,11,32,1.8,2.2,4.0,0.03,0.65,100.41767318904952,1.3038560335079392,1.5538568775258326,31.12093874384463,125,53,72,42.4,43089.42999999999,33047.69,10041.73999999999,4236.03,0,1,114.44539967989999,1.834881948066633,3.2857100121350444,15.064013542113239,63,30,33,47.61904761904762,25152.47,13707.95,11444.52,2170.46,0,0,0.3,0.20872048701665824,-0.0003657916692185077,0.05,0.1,0.015192801675396961,-0.009793022809977918
1c_risk,121,0.6736376107091483,True,97,18,75.0,44.0,17,6,2.2,11,32,1.8,2.2,3.5,0.03,0.65,98.40060809584979,1.321379464411106,1.5851463394161047,29.892903673390016,125,53,72,42.4,40458.34,30618.260000000002,9840.079999999994,3846.35,0,1,107.73554852804999,1.8638433055423254,3.3217197224238983,14.38292504845688,63,30,33,47.61904761904762,23245.219999999998,12471.66,10773.559999999998,1947.06,0,0,0.3,0.21596082638558134,-0.0,0.05,0.0984006080958498,0.016068973220555307,-0.0067927969928380984
1c_risk,122,0.6736376107091483,True,97,18,75.0,44.0,17,6,2.2,11,32,1.8,2.2,3.5,0.03,0.65,98.40060809584979,1.321379464411106,1.5851463394161047,29.892903673390016,125,53,72,42.4,40458.34,30618.260000000002,9840.079999999994,3846.35,0,1,107.73554852804999,1.8638433055423254,3.3217197224238983,14.38292504845688,63,30,33,47.61904761904762,23245.219999999998,12471.66,10773.559999999998,1947.06,0,0,0.3,0.21596082638558134,-0.0,0.05,0.0984006080958498,0.016068973220555307,-0.0067927969928380984
1c_risk,123,0.6687233152765496,True,97,18,75.0,44.0,17,6,2.2,11,32,1.8,2.2,3.5,0.029,0.65,95.22944707849962,1.3198319378532781,1.5792993183694137,29.317875386171703,125,53,72,42.4,39297.6,29774.7,9522.899999999998,3762.03,0,1,104.43902526644983,1.8576836942766173,3.307915818513226,14.119479479454103,63,30,33,47.61904761904762,22620.809999999998,12176.89,10443.919999999998,1908.17,0,0,0.3,0.21442092356915432,-0.0,0.05,0.09522944707849962,0.01599159689266391,-0.006918652263768246
1c_risk,124,0.6632608617811347,True,97,18,75.0,44.0,17,6,2.2,11,32,1.8,2.2,3.5,0.028,0.6000000000000001,90.3166610364995,1.3279012835132824,1.5872545080880092,28.0230069102278,125,53,72,42.4,36575.62,27543.93,9031.690000000002,3457.9,0,1,98.09561739595,1.8738212694391445,3.3267441355761287,13.370110653254683,63,30,33,47.61904761904762,21035.63,11226.06,9809.570000000002,1753.48,0,0,0.29428685218785,0.21845531735978613,-0.0,0.05,0.0903166610364995,0.01639506417566412,-0.006193032978665018
1c_risk,125,0.6736376107091483,True,97,18,75.0,44.0,17,6,2.2,11,32,1.8,2.2,3.5,0.03,0.65,98.40060809584979,1.321379464411106,1.5851463394161047,29.892903673390016,125,53,72,42.4,40458.34,30618.260000000002,9840.079999999994,3846.35,0,1,107.73554852804999,1.8638433055423254,3.3217197224238983,14.38292504845688,63,30,33,47.61904761904762,23245.219999999998,12471.66,10773.559999999998,1947.06,0,0,0.3,0.21596082638558134,-0.0,0.05,0.0984006080958498,0.016068973220555307,-0.0067927969928380984
1c_risk,126,0.663801073132367,True,97,18,75.0,44.0,17,6,2.2,11,32,1.8,2.2,3.5,0.029,0.7,96.2326308410997,1.309978827392516,1.5605726827508783,30.014475455970917,125,53,72,42.4,40668.07,31044.83,9623.239999999998,3966.71,0,1,108.28349845624992,1.8436322840258814,3.292740522126246,14.476437685697926,63,30,33,47.61904761904762,23663.85,12835.449999999999,10828.4,2028.25,0,0,0.3,0.21090807100647035,-0.0,0.05,0.09623263084109972,0.015498941369625797,-0.008838570084828792
1c_risk,127,0.6736376107091483,True,97,18,75.0,44.0,17,6,2.2,11,32,1.8,2.2,3.5,0.03,0.65,98.40060809584979,1.321379464411106,1.5851463394161047,29.892903673390016,125,53,72,42.4,40458.34,30618.260000000002,9840.079999999994,3846.35,0,1,107.73554852804999,1.8638433055423254,3.3217197224238983,14.38292504845688,63,30,33,47.61904761904762,23245.219999999998,12471.66,10773.559999999998,1947.06,0,0,0.3,0.21596082638558134,-0.0,0.05,0.0984006080958498,0.016068973220555307,-0.0067927969928380984
1c_risk,128,0.6720268156556557,True,97,18,75.0,44.0,17,6,2.2,11,32,1.8,2.2,3.5,0.029,0.6000000000000001,92.55361978074966,1.3275967095173187,1.586979710476651,28.63227218374015,125,53,72,42.4,37507.78,28252.39,9255.39,3523.56,0,1,100.89641598879989,1.8782492585993336,3.343189341488658,13.68249573555029,63,30,33,47.61904761904762,21578.059999999998,11488.39,10089.669999999998,1787.13,0,0,0.3,0.2195623146498334,-0.0,0.05,0.09255361978074966,0.016379835475865936,-0.006468954250793254
1c_risk,129,0.6429176890368404,True,97,18,75.0,44.0,17,6,2.2,11,32,1.8,2.2,3.0,0.027,0.65,84.9475929165498,1.3330805599492468,1.5878211910219109,26.856251320793984,125,53,72,42.4,33998.54,25503.739999999998,8494.800000000003,3182.79,0,1,91.93923032109996,1.8857091385869544,3.3450598467941024,12.747529475795954,63,30,33,47.61904761904762,19574.170000000002,10380.269999999999,9193.900000000003,1616.68,0,0,0.27581769096329983,0.2214272846467386,-0.0,0.05,0.0849475929165498,0.01665402799746234,-0.005928907487210173
1c_risk,130,0.6638576492075785,True,97,18,75.0,44.0,17,6,2.2,11,32,1.8,2.2,3.5,0.028,0.65,91.97758800014974,1.3182795274745884,1.5727327432252507,28.739875085727608,125,53,72,42.4,38096.09,28898.34,9197.749999999996,3673.29,0,1,101.38294523340005,1.8530492730210013,3.298135690627993,13.848793750283301,63,30,33,47.61904761904762,22023.119999999995,11884.8,10138.319999999996,1870.5,0,0,0.3,0.21326231825525033,-0.0,0.05,0.09197758800014974,0.015913976373729422,-0.00729623342155099
1c_risk,131,0.6736376107091483,True,97,18,75.0,44.0,17,6,2.2,11,32,1.8,2.2,3.5,0.03,0.65,98.40060809584979,1.321379464411106,1.5851463394161047,29.892903673390016,125,53,72,42.4,40458.34,30618.260000000002,9840.079999999994,3846.35,0,1,107.73554852804999,1.8638433055423254,3.3217197224238983,14.38292504845688,63,30,33,47.61904761904762,23245.219999999998,12471.66,10773.559999999998,1947.06,0,0,0.3,0.21596082638558134,-0.0,0.05,0.0984006080958498,0.016068973220555307,-0.0067927969928380984
1c_risk,132,0.6736376107091483,True,97,18,75.0,44.0,17,6,2.2,11,32,1.8,2.2,3.5,0.03,0.65,98.40060809584979,1.321379464411106,1.5851463394161047,29.892903673390016,125,53,72,42.4,40458.34,30618.260000000002,9840.079999999994,3846.35,0,1,107.73554852804999,1.8638433055423254,3.3217197224238983,14.38292504845688,63,30,33,47.61904761904762,23245.219999999998,12471.66,10773.559999999998,1947.06,0,0,0.3,0.21596082638558134,-0.0,0.05,0.0984006080958498,0.016068973220555307,-0.0067927969928380984
1c_risk,133,0.663801073132367,True,97,18,75.0,44.0,17,6,2.2,11,32,1.8,2.2,3.5,0.029,0.7,96.2326308410997,1.309978827392516,1.5605726827508783,30.014475455970917,125,53,72,42.4,40668.07,31044.83,9623.239999999998,3966.71,0,1,108.28349845624992,1.8436322840258814,3.292740522126246,14.476437685697926,63,30,33,47.61904761904762,23663.85,12835.449999999999,10828.4,2028.25,0,0,0.3,0.21090807100647035,-0.0,0.05,0.09623263084109972,0.015498941369625797,-0.008838570084828792
1c_risk,134,0.5817909001496474,True,97,18,75.0,44.0,17,6,2.2,11,32,1.8,2.2,3.5,0.03,0.35,62.978877350349904,1.3569383392238163,1.50184274587273,22.60475479669358,125,53,72,42.4,23942.199999999997,17644.28,6297.919999999998,2018.8,0,1,69.4213068997,2.0090290566438127,3.538040393408579,9.158817024857557,63,30,33,47.61904761904762,13822.14,6880.01,6942.129999999999,1040.3,0,0,0.2082639206991,0.25,-0.0,0.05,0.0629788773503499,0.01784691696119082,-0.007298814860993291
1c_risk,135,0.5239847886746241,True,97,18,75.0,44.0,17,6,2.2,11,32,1.8,2.2,1.5,0.029,0.65,50.64220611414987,1.370814341310898,1.473699210529937,19.34543608144134,125,53,72,42.4,18721.28,13657.05,5064.23,1535.13,0,1,52.50232858559997,2.01937302687527,3.5133018144844437,7.340256731665281,63,30,33,47.61904761904762,10400.700000000003,5150.46,5250.2400000000025,778.85,0,0,0.1575069857567999,0.25,-0.0,0.05,0.05064220611414987,0.018540717065544898,-0.002705120261870659
1c_risk,136,0.6736195420054923,True,97,18,75.0,44.0,17,6,2.2,11,32,1.8,2.2,3.5,0.03,0.6000000000000001,94.19569990364965,1.3261503122979865,1.5819662933108103,29.204692458208036,125,53,72,42.4,38300.64000000001,28881.07,9419.570000000007,3578.19,0,1,103.49595371925,1.880691850605063,3.357014433869578,14.00544247732931,63,30,33,47.61904761904762,22101.270000000004,11751.670000000002,10349.600000000002,1820.15,0,0,0.3,0.22017296265126574,-0.0,0.05,0.09419569990364966,0.016307515614899327,-0.007056636164322401
1c_risk,137,0.6569254998306872,True,97,18,75.0,44.0,17,6,2.2,11,32,1.8,2.2,4.0,0.028,0.65,94.27905791529946,1.303514831611368,1.5499007994928573,29.720128082974036,125,53,72,42.4,40490.26000000001,31062.37,9427.89000000001,4030.59,0,1,106.38930163629989,1.8260925269225066,3.2583027637332314,14.351104266557844,63,30,33,47.61904761904762,23517.57,12878.63,10638.94,2056.76,0,0,0.3,0.20652313173062664,-0.0,0.05,0.09427905791529946,0.015175741580568404,-0.009052431395807393
1c_risk,138,0.6720268156556557,True,97,18,75.0,44.0,17,6,2.2,11,32,1.8,2.2,3.0,0.029,0.7,92.55361978074966,1.3275967095173187,1.586979710476651,28.63227218374015,125,53,72,42.4,37507.78,28252.39,9255.39,3523.56,0,1,100.89641598879989,1.8782492585993336,3.343189341488658,13.68249573555029,63,30,33,47.61904761904762,21578.059999999998,11488.39,10089.669999999998,1787.13,0,0,0.3,0.2195623146498334,-0.0,0.05,0.09255361978074966,0.016379835475865936,-0.006468954250793254
1c_risk,139,0.6736376107091483,True,97,18,75.0,44.0,17,6,2.2,11,32,1.8,2.2,3.5,0.03,0.65,98.40060809584979,1.321379464411106,1.5851463394161047,29.892903673390016,125,53,72,42.4,40458.34,30618.260000000002,9840.079999999994,3846.35,0,1,107.73554852804999,1.8638433055423254,3.3217197224238983,14.38292504845688,63,30,33,47.61904761904762,23245.219999999998,12471.66,10773.559999999998,1947.06,0,0,0.3,0.21596082638558134,-0.0,0.05,0.0984006080958498,0.016068973220555307,-0.0067927969928380984
1c_risk,140,0.6720268156556557,True,97,18,75.0,44.0,17,6,2.2,11,32,1.8,2.2,3.5,0.029,0.6000000000000001,92.55361978074966,1.3275967095173187,1.586979710476651,28.63227218374015,125,53,72,42.4,37507.78,28252.39,9255.39,3523.56,0,1,100.89641598879989,1.8782492585993336,3.343189341488658,13.68249573555029,63,30,33,47.61904761904762,21578.059999999998,11488.39,10089.669999999998,1787.13,0,0,0.3,0.2195623146498334,-0.0,0.05,0.09255361978074966,0.016379835475865936,-0.006468954250793254
1c_risk,141,0.6736376107091483,True,97,18,75.0,44.0,17,6,2.2,11,32,1.8,2.2,3.5,0.03,0.65,98.40060809584979,1.321379464411106,1.5851463394161047,29.892903673390016,125,53,72,42.4,40458.34,30618.260000000002,9840.079999999994,3846.35,0,1,107.73554852804999,1.8638433055423254,3.3217197224238983,14.38292504845688,63,30,33,47.61904761904762,23245.219999999998,12471.66,10773.559999999998,1947.06,0,0,0.3,0.21596082638558134,-0.0,0.05,0.0984006080958498,0.016068973220555307,-0.0067927969928380984
1c_risk,142,0.6736376107091483,True,97,18,75.0,44.0,17,6,2.2,11,32,1.8,2.2,3.5,0.03,0.65,98.40060809584979,1.321379464411106,1.5851463394161047,29.892903673390016,125,53,72,42.4,40458.34,30618.260000000002,9840.079999999994,3846.35,0,1,107.73554852804999,1.8638433055423254,3.3217197224238983,14.38292504845688,63,30,33,47.61904761904762,23245.219999999998,12471.66,10773.559999999998,1947.06,0,0,0.3,0.21596082638558134,-0.0,0.05,0.0984006080958498,0.016068973220555307,-0.0067927969928380984
1c_risk,143,0.6736376107091483,True,97,18,75.0,44.0,17,6,2.2,11,32,1.8,2.2,3.5,0.03,0.65,98.40060809584979,1.321379464411106,1.5851463394161047,29.892903673390016,125,53,72,42.4,40458.34,30618.260000000002,9840.079999999994,3846.35,0,1,107.73554852804999,1.8638433055423254,3.3217197224238983,14.38292504845688,63,30,33,47.61904761904762,23245.219999999998,12471.66,10773.559999999998,1947.06,0,0,0.3,0.21596082638558134,-0.0,0.05,0.0984006080958498,0.016068973220555307,-0.0067927969928380984
1c_risk,144,0.6687233152765496,True,97,18,75.0,44.0,17,6,2.2,11,32,1.8,2.2,3.5,0.029,0.65,95.22944707849962,1.3198319378532781,1.5792993183694137,29.317875386171703,125,53,72,42.4,39297.6,29774.7,9522.899999999998,3762.03,0,1,104.43902526644983,1.8576836942766173,3.307915818513226,14.119479479454103,63,30,33,47.61904761904762,22620.809999999998,12176.89,10443.919999999998,1908.17,0,0,0.3,0.21442092356915432,-0.0,0.05,0.09522944707849962,0.01599159689266391,-0.006918652263768246
1c_risk,145,0.6736376107091483,True,97,18,75.0,44.0,17,6,2.2,11,32,1.8,2.2,3.5,0.03,0.65,98.40060809584979,1.321379464411106,1.5851463394161047,29.892903673390016,125,53,72,42.4,40458.34,30618.260000000002,9840.079999999994,3846.35,0,1,107.73554852804999,1.8638433055423254,3.3217197224238983,14.38292504845688,63,30,33,47.61904761904762,23245.219999999998,12471.66,10773.559999999998,1947.06,0,0,0.3,0.21596082638558134,-0.0,0.05,0.0984006080958498,0.016068973220555307,-0.0067927969928380984
1c_risk,146,0.6687233152765496,True,97,18,75.0,44.0,17,6,2.2,11,32,1.8,2.2,3.5,0.029,0.65,95.22944707849962,1.3198319378532781,1.5792993183694137,29.317875386171703,125,53,72,42.4,39297.6,29774.7,9522.899999999998,3762.03,0,1,104.43902526644983,1.8576836942766173,3.307915818513226,14.119479479454103,63,30,33,47.61904761904762,22620.809999999998,12176.89,10443.919999999998,1908.17,0,0,0.3,0.21442092356915432,-0.0,0.05,0.09522944707849962,0.01599159689266391,-0.006918652263768246
1c_risk,147,0.6687318493828016,True,97,18,75.0,44.0,17,6,2.2,11,32,1.8,2.2,3.5,0.03,0.7,99.8649114578493,1.3121333335833776,1.5703988466565477,30.584418045691336,125,53,72,42.4,41980.840000000004,31994.34,9986.500000000004,4065.36,0,1,111.21466520474999,1.8453030989392525,3.297282484303958,14.833996471543939,63,30,33,47.61904761904762,24278.21,13156.76,11121.449999999999,2068.86,0,0,0.3,0.21132577473481312,-0.0,0.05,0.09986491145784931,0.015606666679168879,-0.008065503489029683
1c_risk,148,0.6380138355409756,True,97,18,75.0,44.0,17,6,2.2,11,32,1.8,2.2,3.0,0.028,0.6000000000000001,81.51733520884954,1.333801922950927,1.5649440946429412,26.978742044124125,125,53,72,42.4,32572.51,24420.8,8151.709999999999,2983.19,0,1,90.37027850229995,1.9056848270318913,3.3958859477893637,12.567200583742455,63,30,33,47.61904761904762,19015.189999999995,9978.14,9037.049999999996,1535.43,0,0,0.27111083550689985,0.22642120675797284,-0.0,0.05,0.08151733520884955,0.01669009614754635,-0.007725638080293066
1c_risk,149,0.6637544742128588,True,97,18,75.0,44.0,17,6,2.2,11,32,1.8,2.2,4.0,0.03,0.65,100.41767318904952,1.3038560335079392,1.5538568775258326,31.12093874384463,125,53,72,42.4,43089.42999999999,33047.69,10041.73999999999,4236.03,0,1,114.44539967989999,1.834881948066633,3.2857100121350444,15.064013542113239,63,30,33,47.61904761904762,25152.47,13707.95,11444.52,2170.46,0,0,0.3,0.20872048701665824,-0.0003657916692185077,0.05,0.1,0.015192801675396961,-0.009793022809977918
1c_risk,150,0.6687233152765496,True,97,18,75.0,44.0,17,6,2.2,11,32,1.8,2.2,3.5,0.029,0.65,95.22944707849962,1.3198319378532781,1.5792993183694137,29.317875386171703,125,53,72,42.4,39297.6,29774.7,9522.899999999998,3762.03,0,1,104.43902526644983,1.8576836942766173,3.307915818513226,14.119479479454103,63,30,33,47.61904761904762,22620.809999999998,12176.89,10443.919999999998,1908.17,0,0,0.3,0.21442092356915432,-0.0,0.05,0.09522944707849962,0.01599159689266391,-0.006918652263768246
1c_risk,151,0.6736376107091483,True,97,18,75.0,44.0,17,6,2.2,11,32,1.8,2.2,3.5,0.03,0.65,98.40060809584979,1.321379464411106,1.5851463394161047,29.892903673390016,125,53,72,42.4,40458.34,30618.260000000002,9840.079999999994,3846.35,0,1,107.73554852804999,1.8638433055423254,3.3217197224238983,14.38292504845688,63,30,33,47.61904761904762,23245.219999999998,12471.66,10773.559999999998,1947.06,0,0,0.3,0.21596082638558134,-0.0,0.05,0.0984006080958498,0.016068973220555307,-0.0067927969928380984
1c_risk,152,0.6736376107091483,True,97,18,75.0,44.0,17,6,2.2,11,32,1.8,2.2,3.5,0.03,0.65,98.40060809584979,1.321379464411106,1.5851463394161047,29.892903673390016,125,53,72,42.4,40458.34,30618.260000000002,9840.079999999994,3846.35,0,1,107.73554852804999,1.8638433055423254,3.3217197224238983,14.38292504845688,63,30,33,47.61904761904762,23245.219999999998,12471.66,10773.559999999998,1947.06,0,0,0.3,0.21596082638558134,-0.0,0.05,0.0984006080958498,0.016068973220555307,-0.0067927969928380984
1c_risk,153,0.6736376107091483,True,97,18,75.0,44.0,17,6,2.2,11,32,1.8,2.2,3.5,0.03,0.65,98.40060809584979,1.321379464411106,1.5851463394161047,29.892903673390016,125,53,72,42.4,40458.34,30618.260000000002,9840.079999999994,3846.35,0,1,107.73554852804999,1.8638433055423254,3.3217197224238983,14.38292504845688,63,30,33,47.61904761904762,23245.219999999998,12471.66,10773.559999999998,1947.06,0,0,0.3,0.21596082638558134,-0.0,0.05,0.0984006080958498,0.016068973220555307,-0.0067927969928380984
1c_risk,154,0.663801073132367,True,97,18,75.0,44.0,17,6,2.2,11,32,1.8,2.2,3.5,0.029,0.7,96.2326308410997,1.309978827392516,1.5605726827508783,30.014475455970917,125,53,72,42.4,40668.07,31044.83,9623.239999999998,3966.71,0,1,108.28349845624992,1.8436322840258814,3.292740522126246,14.476437685697926,63,30,33,47.61904761904762,23663.85,12835.449999999999,10828.4,2028.25,0,0,0.3,0.21090807100647035,-0.0,0.05,0.09623263084109972,0.015498941369625797,-0.008838570084828792
1c_risk,155,0.6687233152765496,True,97,18,75.0,44.0,17,6,2.2,11,32,1.8,2.2,3.5,0.029,0.65,95.22944707849962,1.3198319378532781,1.5792993183694137,29.317875386171703,125,53,72,42.4,39297.6,29774.7,9522.899999999998,3762.03,0,1,104.43902526644983,1.8576836942766173,3.307915818513226,14.119479479454103,63,30,33,47.61904761904762,22620.809999999998,12176.89,10443.919999999998,1908.17,0,0,0.3,0.21442092356915432,-0.0,0.05,0.09522944707849962,0.01599159689266391,-0.006918652263768246
1c_risk,156,0.6736195420054923,True,97,18,75.0,44.0,17,6,2.2,11,32,1.8,2.2,3.5,0.03,0.6000000000000001,94.19569990364965,1.3261503122979865,1.5819662933108103,29.204692458208036,125,53,72,42.4,38300.64000000001,28881.07,9419.570000000007,3578.19,0,1,103.49595371925,1.880691850605063,3.357014433869578,14.00544247732931,63,30,33,47.61904761904762,22101.270000000004,11751.670000000002,10349.600000000002,1820.15,0,0,0.3,0.22017296265126574,-0.0,0.05,0.09419569990364966,0.016307515614899327,-0.007056636164322401
1c_risk,157,0.6638576492075785,True,97,18,75.0,44.0,17,6,2.2,11,32,1.8,2.2,3.5,0.028,0.65,91.97758800014974,1.3182795274745884,1.5727327432252507,28.739875085727608,125,53,72,42.4,38096.09,28898.34,9197.749999999996,3673.29,0,1,101.38294523340005,1.8530492730210013,3.298135690627993,13.848793750283301,63,30,33,47.61904761904762,22023.119999999995,11884.8,10138.319999999996,1870.5,0,0,0.3,0.21326231825525033,-0.0,0.05,0.09197758800014974,0.015913976373729422,-0.00729623342155099
1c_risk,158,0.6637544742128588,True,97,18,75.0,44.0,17,6,2.2,11,32,1.8,2.2,4.0,0.03,0.65,100.41767318904952,1.3038560335079392,1.5538568775258326,31.12093874384463,125,53,72,42.4,43089.42999999999,33047.69,10041.73999999999,4236.03,0,1,114.44539967989999,1.834881948066633,3.2857100121350444,15.064013542113239,63,30,33,47.61904761904762,25152.47,13707.95,11444.52,2170.46,0,0,0.3,0.20872048701665824,-0.0003657916692185077,0.05,0.1,0.015192801675396961,-0.009793022809977918
1c_risk,159,0.663801073132367,True,97,18,75.0,44.0,17,6,2.2,11,32,1.8,2.2,3.5,0.029,0.7,96.2326308410997,1.309978827392516,1.5605726827508783,30.014475455970917,125,53,72,42.4,40668.07,31044.83,9623.239999999998,3966.71,0,1,108.28349845624992,1.8436322840258814,3.292740522126246,14.476437685697926,63,30,33,47.61904761904762,23663.85,12835.449999999999,10828.4,2028.25,0,0,0.3,0.21090807100647035,-0.0,0.05,0.09623263084109972,0.015498941369625797,-0.008838570084828792
1c_risk,160,0.6696572760410339,True,97,18,75.0,44.0,17,6,2.2,11,32,1.8,2.2,3.0,0.03,0.65,89.10015770239966,1.328348286508386,1.5663160853811158,28.724276721936082,125,53,72,42.4,36045.81999999999,27135.82,8909.999999999993,3317.63,0,1,99.38099567534991,1.8967142928037466,3.390967319169139,13.518694543612042,63,30,33,47.61904761904762,21021.000000000004,11082.85,9938.150000000003,1704.84,0,0,0.2981429870260497,0.22417857320093665,-0.0,0.05,0.08910015770239965,0.0164174143254193,-0.008181856213771384
1c_risk,161,0.6736376107091483,True,97,18,75.0,44.0,17,6,2.2,11,32,1.8,2.2,3.5,0.03,0.65,98.40060809584979,1.321379464411106,1.5851463394161047,29.892903673390016,125,53,72,42.4,40458.34,30618.260000000002,9840.079999999994,3846.35,0,1,107.73554852804999,1.8638433055423254,3.3217197224238983,14.38292504845688,63,30,33,47.61904761904762,23245.219999999998,12471.66,10773.559999999998,1947.06,0,0,0.3,0.21596082638558134,-0.0,0.05,0.0984006080958498,0.016068973220555307,-0.0067927969928380984
1c_risk,162,0.6687233152765496,True,97,18,75.0,44.0,17,6,2.2,11,32,1.8,2.2,3.5,0.029,0.65,95.22944707849962,1.3198319378532781,1.5792993183694137,29.317875386171703,125,53,72,42.4,39297.6,29774.7,9522.899999999998,3762.03,0,1,104.43902526644983,1.8576836942766173,3.307915818513226,14.119479479454103,63,30,33,47.61904761904762,22620.809999999998,12176.89,10443.919999999998,1908.17,0,0,0.3,0.21442092356915432,-0.0,0.05,0.09522944707849962,0.01599159689266391,-0.006918652263768246
1c_risk,163,0.5414362202661228,True,97,18,75.0,44.0,17,6,2.2,11,32,1.8,2.2,3.5,0.03,0.3,54.67255267139988,1.3669431427532082,1.4800827229304354,20.608157371312423,125,53,72,42.4,20366.660000000003,14899.419999999998,5467.240000000005,1680.06,0,1,57.32143864579997,2.014026602604359,3.512871917973487,7.88903343639822,63,30,33,47.61904761904762,11384.95,5652.83,5732.120000000001,854.0,0,0,0.17196431593739991,0.25,-0.0,0.05,0.05467255267139988,0.01834715713766041,-0.0035478054803373404
1c_risk,164,0.6736376107091483,True,97,18,75.0,44.0,17,6,2.2,11,32,1.8,2.2,3.5,0.03,0.65,98.40060809584979,1.321379464411106,1.5851463394161047,29.892903673390016,125,53,72,42.4,40458.34,30618.260000000002,9840.079999999994,3846.35,0,1,107.73554852804999,1.8638433055423254,3.3217197224238983,14.38292504845688,63,30,33,47.61904761904762,23245.219999999998,12471.66,10773.559999999998,1947.06,0,0,0.3,0.21596082638558134,-0.0,0.05,0.0984006080958498,0.016068973220555307,-0.0067927969928380984
1c_risk,165,0.515981685830452,True,97,18,75.0,44.0,17,6,2.2,11,32,1.8,2.2,3.5,0.019,0.65,64.11277312414983,1.320255956201718,1.5550707204007466,21.468462450591467,125,53,72,42.4,26430.270000000004,20019.050000000003,6411.220000000001,2720.07,0,1,64.91415224155,1.768181199595283,3.067593405805848,10.82857323838076,63,30,33,47.61904761904762,14941.75,8450.35,6491.4,1381.59,0,0,0.19474245672465,0.19204529989882074,-0.0,0.05,0.06411277312414983,0.0160127978100859,-0.0009316417272544073
1c_risk,166,0.6687233152765496,True,97,18,75.0,44.0,17,6,2.2,11,32,1.8,2.2,3.5,0.029,0.65,95.22944707849962,1.3198319378532781,1.5792993183694137,29.317875386171703,125,53,72,42.4,39297.6,29774.7,9522.899999999998,3762.03,0,1,104.43902526644983,1.8576836942766173,3.307915818513226,14.119479479454103,63,30,33,47.61904761904762,22620.809999999998,12176.89,10443.919999999998,1908.17,0,0,0.3,0.21442092356915432,-0.0,0.05,0.09522944707849962,0.01599159689266391,-0.006918652263768246
1c_risk,167,0.6687233152765496,True,97,18,75.0,44.0,17,6,2.2,11,32,1.8,2.2,3.5,0.029,0.65,95.22944707849962,1.3198319378532781,1.5792993183694137,29.317875386171703,125,53,72,42.4,39297.6,29774.7,9522.899999999998,3762.03,0,1,104.43902526644983,1.8576836942766173,3.307915818513226,14.119479479454103,63,30,33,47.61904761904762,22620.809999999998,12176.89,10443.919999999998,1908.17,0,0,0.3,0.21442092356915432,-0.0,0.05,0.09522944707849962,0.01599159689266391,-0.006918652263768246
1c_risk,168,0.6736195420054923,True,97,18,75.0,44.0,17,6,2.2,11,32,1.8,2.2,3.5,0.03,0.6000000000000001,94.19569990364965,1.3261503122979865,1.5819662933108103,29.204692458208036,125,53,72,42.4,38300.64000000001,28881.07,9419.570000000007,3578.19,0,1,103.49595371925,1.880691850605063,3.357014433869578,14.00544247732931,63,30,33,47.61904761904762,22101.270000000004,11751.670000000002,10349.600000000002,1820.15,0,0,0.3,0.22017296265126574,-0.0,0.05,0.09419569990364966,0.016307515614899327,-0.007056636164322401
1c_risk,169,0.6687233152765496,True,97,18,75.0,44.0,17,6,2.2,11,32,1.8,2.2,3.5,0.029,0.65,95.22944707849962,1.3198319378532781,1.5792993183694137,29.317875386171703,125,53,72,42.4,39297.6,29774.7,9522.899999999998,3762.03,0,1,104.43902526644983,1.8576836942766173,3.307915818513226,14.119479479454103,63,30,33,47.61904761904762,22620.809999999998,12176.89,10443.919999999998,1908.17,0,0,0.3,0.21442092356915432,-0.0,0.05,0.09522944707849962,0.01599159689266391,-0.006918652263768246
1c_risk,170,0.6687318493828016,True,97,18,75.0,44.0,17,6,2.2,11,32,1.8,2.2,3.5,0.03,0.7,99.8649114578493,1.3121333335833776,1.5703988466565477,30.584418045691336,125,53,72,42.4,41980.840000000004,31994.34,9986.500000000004,4065.36,0,1,111.21466520474999,1.8453030989392525,3.297282484303958,14.833996471543939,63,30,33,47.61904761904762,24278.21,13156.76,11121.449999999999,2068.86,0,0,0.3,0.21132577473481312,-0.0,0.05,0.09986491145784931,0.015606666679168879,-0.008065503489029683
1c_risk,171,0.6736376107091483,True,97,18,75.0,44.0,17,6,2.2,11,32,1.8,2.2,3.5,0.03,0.65,98.40060809584979,1.321379464411106,1.5851463394161047,29.892903673390016,125,53,72,42.4,40458.34,30618.260000000002,9840.079999999994,3846.35,0,1,107.73554852804999,1.8638433055423254,3.3217197224238983,14.38292504845688,63,30,33,47.61904761904762,23245.219999999998,12471.66,10773.559999999998,1947.06,0,0,0.3,0.21596082638558134,-0.0,0.05,0.0984006080958498,0.016068973220555307,-0.0067927969928380984
1c_risk,172,0.6736376107091483,True,97,18,75.0,44.0,17,6,2.2,11,32,1.8,2.2,3.5,0.03,0.65,98.40060809584979,1.321379464411106,1.5851463394161047,29.892903673390016,125,53,72,42.4,40458.34,30618.260000000002,9840.079999999994,3846.35,0,1,107.73554852804999,1.8638433055423254,3.3217197224238983,14.38292504845688,63,30,33,47.61904761904762,23245.219999999998,12471.66,10773.559999999998,1947.06,0,0,0.3,0.21596082638558134,-0.0,0.05,0.0984006080958498,0.016068973220555307,-0.0067927969928380984
1c_risk,173,0.6687233152765496,True,97,18,75.0,44.0,17,6,2.2,11,32,1.8,2.2,3.5,0.029,0.65,95.22944707849962,1.3198319378532781,1.5792993183694137,29.317875386171703,125,53,72,42.4,39297.6,29774.7,9522.899999999998,3762.03,0,1,104.43902526644983,1.8576836942766173,3.307915818513226,14.119479479454103,63,30,33,47.61904761904762,22620.809999999998,12176.89,10443.919999999998,1908.17,0,0,0.3,0.21442092356915432,-0.0,0.05,0.09522944707849962,0.01599159689266391,-0.006918652263768246
1c_risk,174,0.6736376107091483,True,97,18,75.0,44.0,17,6,2.2,11,32,1.8,2.2,3.5,0.03,0.65,98.40060809584979,1.321379464411106,1.5851463394161047,29.892903673390016,125,53,72,42.4,40458.34,30618.260000000002,9840.079999999994,3846.35,0,1,107.73554852804999,1.8638433055423254,3.3217197224238983,14.38292504845688,63,30,33,47.61904761904762,23245.219999999998,12471.66,10773.559999999998,1947.06,0,0,0.3,0.21596082638558134,-0.0,0.05,0.0984006080958498,0.016068973220555307,-0.0067927969928380984
1c_risk,175,0.6736376107091483,True,97,18,75.0,44.0,17,6,2.2,11,32,1.8,2.2,3.5,0.03,0.65,98.40060809584979,1.321379464411106,1.5851463394161047,29.892903673390016,125,53,72,42.4,40458.34,30618.260000000002,9840.079999999994,3846.35,0,1,107.73554852804999,1.8638433055423254,3.3217197224238983,14.38292504845688,63,30,33,47.61904761904762,23245.219999999998,12471.66,10773.559999999998,1947.06,0,0,0.3,0.21596082638558134,-0.0,0.05,0.0984006080958498,0.016068973220555307,-0.0067927969928380984
1c_risk,176,0.6687233152765496,True,97,18,75.0,44.0,17,6,2.2,11,32,1.8,2.2,3.5,0.029,0.65,95.22944707849962,1.3198319378532781,1.5792993183694137,29.317875386171703,125,53,72,42.4,39297.6,29774.7,9522.899999999998,3762.03,0,1,104.43902526644983,1.8576836942766173,3.307915818513226,14.119479479454103,63,30,33,47.61904761904762,22620.809999999998,12176.89,10443.919999999998,1908.17,0,0,0.3,0.21442092356915432,-0.0,0.05,0.09522944707849962,0.01599159689266391,-0.006918652263768246
1c_risk,177,0.6736376107091483,True,97,18,75.0,44.0,17,6,2.2,11,32,1.8,2.2,3.5,0.03,0.65,98.40060809584979,1.321379464411106,1.5851463394161047,29.892903673390016,125,53,72,42.4,40458.34,30618.260000000002,9840.079999999994,3846.35,0,1,107.73554852804999,1.8638433055423254,3.3217197224238983,14.38292504845688,63,30,33,47.61904761904762,23245.219999999998,12471.66,10773.559999999998,1947.06,0,0,0.3,0.21596082638558134,-0.0,0.05,0.0984006080958498,0.016068973220555307,-0.0067927969928380984
1c_risk,178,0.6608053409328856,True,97,18,75.0,44.0,17,6,2.2,11,32,1.8,2.2,4.0,0.029,0.65,97.32437111444958,1.303577171308142,1.551801481197169,30.4004595428908,125,53,72,42.4,41791.549999999996,32059.13,9732.419999999995,4133.99,0,1,110.80735205350001,1.8320770443793648,3.2770174660240774,14.707246298433816,63,30,33,47.61904761904762,24397.769999999997,13316.999999999998,11080.769999999999,2118.29,0,0,0.3,0.2080192610948412,-0.0,0.05,0.09732437111444958,0.015178858565407106,-0.009717149841812312
1c_risk,179,0.6632608617811347,True,97,18,75.0,44.0,17,6,2.2,11,32,1.8,2.2,3.0,0.028,0.7,90.3166610364995,1.3279012835132824,1.5872545080880092,28.0230069102278,125,53,72,42.4,36575.62,27543.93,9031.690000000002,3457.9,0,1,98.09561739595,1.8738212694391445,3.3267441355761287,13.370110653254683,63,30,33,47.61904761904762,21035.63,11226.06,9809.570000000002,1753.48,0,0,0.29428685218785,0.21845531735978613,-0.0,0.05,0.0903166610364995,0.01639506417566412,-0.006193032978665018
1c_risk,180,0.6736195420054923,True,97,18,75.0,44.0,17,6,2.2,11,32,1.8,2.2,3.5,0.03,0.6000000000000001,94.19569990364965,1.3261503122979865,1.5819662933108103,29.204692458208036,125,53,72,42.4,38300.64000000001,28881.07,9419.570000000007,3578.19,0,1,103.49595371925,1.880691850605063,3.357014433869578,14.00544247732931,63,30,33,47.61904761904762,22101.270000000004,11751.670000000002,10349.600000000002,1820.15,0,0,0.3,0.22017296265126574,-0.0,0.05,0.09419569990364966,0.016307515614899327,-0.007056636164322401
1c_risk,181,0.6736376107091483,True,97,18,75.0,44.0,17,6,2.2,11,32,1.8,2.2,3.5,0.03,0.65,98.40060809584979,1.321379464411106,1.5851463394161047,29.892903673390016,125,53,72,42.4,40458.34,30618.260000000002,9840.079999999994,3846.35,0,1,107.73554852804999,1.8638433055423254,3.3217197224238983,14.38292504845688,63,30,33,47.61904761904762,23245.219999999998,12471.66,10773.559999999998,1947.06,0,0,0.3,0.21596082638558134,-0.0,0.05,0.0984006080958498,0.016068973220555307,-0.0067927969928380984
1c_risk,182,0.6736376107091483,True,97,18,75.0,44.0,17,6,2.2,11,32,1.8,2.2,3.5,0.03,0.65,98.40060809584979,1.321379464411106,1.5851463394161047,29.892903673390016,125,53,72,42.4,40458.34,30618.260000000002,9840.079999999994,3846.35,0,1,107.73554852804999,1.8638433055423254,3.3217197224238983,14.38292504845688,63,30,33,47.61904761904762,23245.219999999998,12471.66,10773.559999999998,1947.06,0,0,0.3,0.21596082638558134,-0.0,0.05,0.0984006080958498,0.016068973220555307,-0.0067927969928380984
1c_risk,183,0.6736376107091483,True,97,18,75.0,44.0,17,6,2.2,11,32,1.8,2.2,3.5,0.03,0.65,98.40060809584979,1.321379464411106,1.5851463394161047,29.892903673390016,125,53,72,42.4,40458.34,30618.260000000002,9840.079999999994,3846.35,0,1,107.73554852804999,1.8638433055423254,3.3217197224238983,14.38292504845688,63,30,33,47.61904761904762,23245.219999999998,12471.66,10773.559999999998,1947.06,0,0,0.3,0.21596082638558134,-0.0,0.05,0.0984006080958498,0.016068973220555307,-0.0067927969928380984
1c_risk,184,0.6687233152765496,True,97,18,75.0,44.0,17,6,2.2,11,32,1.8,2.2,3.5,0.029,0.65,95.22944707849962,1.3198319378532781,1.5792993183694137,29.317875386171703,125,53,72,42.4,39297.6,29774.7,9522.899999999998,3762.03,0,1,104.43902526644983,1.8576836942766173,3.307915818513226,14.119479479454103,63,30,33,47.61904761904762,22620.809999999998,12176.89,10443.919999999998,1908.17,0,0,0.3,0.21442092356915432,-0.0,0.05,0.09522944707849962,0.01599159689266391,-0.006918652263768246
1c_risk,185,0.6736376107091483,True,97,18,75.0,44.0,17,6,2.2,11,32,1.8,2.2,3.5,0.03,0.65,98.40060809584979,1.321379464411106,1.5851463394161047,29.892903673390016,125,53,72,42.4,40458.34,30618.260000000002,9840.079999999994,3846.35,0,1,107.73554852804999,1.8638433055423254,3.3217197224238983,14.38292504845688,63,30,33,47.61904761904762,23245.219999999998,12471.66,10773.559999999998,1947.06,0,0,0.3,0.21596082638558134,-0.0,0.05,0.0984006080958498,0.016068973220555307,-0.0067927969928380984
1c_risk,186,0.6687233152765496,True,97,18,75.0,44.0,17,6,2.2,11,32,1.8,2.2,3.5,0.029,0.65,95.22944707849962,1.3198319378532781,1.5792993183694137,29.317875386171703,125,53,72,42.4,39297.6,29774.7,9522.899999999998,3762.03,0,1,104.43902526644983,1.8576836942766173,3.307915818513226,14.119479479454103,63,30,33,47.61904761904762,22620.809999999998,12176.89,10443.919999999998,1908.17,0,0,0.3,0.21442092356915432,-0.0,0.05,0.09522944707849962,0.01599159689266391,-0.006918652263768246
1c_risk,187,0.6736376107091483,True,97,18,75.0,44.0,17,6,2.2,11,32,1.8,2.2,3.5,0.03,0.65,98.40060809584979,1.321379464411106,1.5851463394161047,29.892903673390016,125,53,72,42.4,40458.34,30618.260000000002,9840.079999999994,3846.35,0,1,107.73554852804999,1.8638433055423254,3.3217197224238983,14.38292504845688,63,30,33,47.61904761904762,23245.219999999998,12471.66,10773.559999999998,1947.06,0,0,0.3,0.21596082638558134,-0.0,0.05,0.0984006080958498,0.016068973220555307,-0.0067927969928380984
1c_risk,188,0.6687233152765496,True,97,18,75.0,44.0,17,6,2.2,11,32,1.8,2.2,3.5,0.029,0.65,95.22944707849962,1.3198319378532781,1.5792993183694137,29.317875386171703,125,53,72,42.4,39297.6,29774.7,9522.899999999998,3762.03,0,1,104.43902526644983,1.8576836942766173,3.307915818513226,14.119479479454103,63,30,33,47.61904761904762,22620.809999999998,12176.89,10443.919999999998,1908.17,0,0,0.3,0.21442092356915432,-0.0,0.05,0.09522944707849962,0.01599159689266391,-0.006918652263768246
1c_risk,189,0.6736376107091483,True,97,18,75.0,44.0,17,6,2.2,11,32,1.8,2.2,3.5,0.03,0.65,98.40060809584979,1.321379464411106,1.5851463394161047,29.892903673390016,125,53,72,42.4,40458.34,30618.260000000002,9840.079999999994,3846.35,0,1,107.73554852804999,1.8638433055423254,3.3217197224238983,14.38292504845688,63,30,33,47.61904761904762,23245.219999999998,12471.66,10773.559999999998,1947.06,0,0,0.3,0.21596082638558134,-0.0,0.05,0.0984006080958498,0.016068973220555307,-0.0067927969928380984
1c_risk,190,0.6590819167007187,True,97,18,75.0,44.0,17,6,2.2,11,32,1.8,2.2,3.5,0.028,0.7,92.8181803784996,1.3085042984323563,1.5542604481823967,29.349819064566447,125,53,72,42.4,39368.380000000005,30086.55,9281.830000000005,3866.78,0,1,104.94442426390003,1.8401443895347207,3.2835282476718013,14.118375003388945,63,30,33,47.61904761904762,22985.63,12491.210000000001,10494.42,1983.04,0,0,0.3,0.21003609738368018,-0.0,0.05,0.0928181803784996,0.015425214921617815,-0.009197575983078906
1c_risk,191,0.6736376107091483,True,97,18,75.0,44.0,17,6,2.2,11,32,1.8,2.2,3.5,0.03,0.65,98.40060809584979,1.321379464411106,1.5851463394161047,29.892903673390016,125,53,72,42.4,40458.34,30618.260000000002,9840.079999999994,3846.35,0,1,107.73554852804999,1.8638433055423254,3.3217197224238983,14.38292504845688,63,30,33,47.61904761904762,23245.219999999998,12471.66,10773.559999999998,1947.06,0,0,0.3,0.21596082638558134,-0.0,0.05,0.0984006080958498,0.016068973220555307,-0.0067927969928380984
1c_risk,192,0.6736376107091483,True,97,18,75.0,44.0,17,6,2.2,11,32,1.8,2.2,3.5,0.03,0.65,98.40060809584979,1.321379464411106,1.5851463394161047,29.892903673390016,125,53,72,42.4,40458.34,30618.260000000002,9840.079999999994,3846.35,0,1,107.73554852804999,1.8638433055423254,3.3217197224238983,14.38292504845688,63,30,33,47.61904761904762,23245.219999999998,12471.66,10773.559999999998,1947.06,0,0,0.3,0.21596082638558134,-0.0,0.05,0.0984006080958498,0.016068973220555307,-0.0067927969928380984
1c_risk,193,0.6736376107091483,True,97,18,75.0,44.0,17,6,2.2,11,32,1.8,2.2,3.5,0.03,0.65,98.40060809584979,1.321379464411106,1.5851463394161047,29.892903673390016,125,53,72,42.4,40458.34,30618.260000000002,9840.079999999994,3846.35,0,1,107.73554852804999,1.8638433055423254,3.3217197224238983,14.38292504845688,63,30,33,47.61904761904762,23245.219999999998,12471.66,10773.559999999998,1947.06,0,0,0.3,0.21596082638558134,-0.0,0.05,0.0984006080958498,0.016068973220555307,-0.0067927969928380984
1c_risk,194,0.6687233152765496,True,97,18,75.0,44.0,17,6,2.2,11,32,1.8,2.2,3.5,0.029,0.65,95.22944707849962,1.3198319378532781,1.5792993183694137,29.317875386171703,125,53,72,42.4,39297.6,29774.7,9522.899999999998,3762.03,0,1,104.43902526644983,1.8576836942766173,3.307915818513226,14.119479479454103,63,30,33,47.61904761904762,22620.809999999998,12176.89,10443.919999999998,1908.17,0,0,0.3,0.21442092356915432,-0.0,0.05,0.09522944707849962,0.01599159689266391,-0.006918652263768246
1c_risk,195,0.6736376107091483,True,97,18,75.0,44.0,17,6,2.2,11,32,1.8,2.2,3.5,0.03,0.65,98.40060809584979,1.321379464411106,1.5851463394161047,29.892903673390016,125,53,72,42.4,40458.34,30618.260000000002,9840.079999999994,3846.35,0,1,107.73554852804999,1.8638433055423254,3.3217197224238983,14.38292504845688,63,30,33,47.61904761904762,23245.219999999998,12471.66,10773.559999999998,1947.06,0,0,0.3,0.21596082638558134,-0.0,0.05,0.0984006080958498,0.016068973220555307,-0.0067927969928380984
1c_risk,196,0.6687233152765496,True,97,18,75.0,44.0,17,6,2.2,11,32,1.8,2.2,3.5,0.029,0.65,95.22944707849962,1.3198319378532781,1.5792993183694137,29.317875386171703,125,53,72,42.4,39297.6,29774.7,9522.899999999998,3762.03,0,1,104.43902526644983,1.8576836942766173,3.307915818513226,14.119479479454103,63,30,33,47.61904761904762,22620.809999999998,12176.89,10443.919999999998,1908.17,0,0,0.3,0.21442092356915432,-0.0,0.05,0.09522944707849962,0.01599159689266391,-0.006918652263768246
1c_risk,197,0.6736195420054923,True,97,18,75.0,44.0,17,6,2.2,11,32,1.8,2.2,3.5,0.03,0.6000000000000001,94.19569990364965,1.3261503122979865,1.5819662933108103,29.204692458208036,125,53,72,42.4,38300.64000000001,28881.07,9419.570000000007,3578.19,0,1,103.49595371925,1.880691850605063,3.357014433869578,14.00544247732931,63,30,33,47.61904761904762,22101.270000000004,11751.670000000002,10349.600000000002,1820.15,0,0,0.3,0.22017296265126574,-0.0,0.05,0.09419569990364966,0.016307515614899327,-0.007056636164322401
1c_risk,198,0.6687233152765496,True,97,18,75.0,44.0,17,6,2.2,11,32,1.8,2.2,3.5,0.029,0.65,95.22944707849962,1.3198319378532781,1.5792993183694137,29.317875386171703,125,53,72,42.4,39297.6,29774.7,9522.899999999998,3762.03,0,1,104.43902526644983,1.8576836942766173,3.307915818513226,14.119479479454103,63,30,33,47.61904761904762,22620.809999999998,12176.89,10443.919999999998,1908.17,0,0,0.3,0.21442092356915432,-0.0,0.05,0.09522944707849962,0.01599159689266391,-0.006918652263768246
1c_risk,199,0.6736376107091483,True,97,18,75.0,44.0,17,6,2.2,11,32,1.8,2.2,3.5,0.03,0.65,98.40060809584979,1.321379464411106,1.5851463394161047,29.892903673390016,125,53,72,42.4,40458.34,30618.260000000002,9840.079999999994,3846.35,0,1,107.73554852804999,1.8638433055423254,3.3217197224238983,14.38292504845688,63,30,33,47.61904761904762,23245.219999999998,12471.66,10773.559999999998,1947.06,0,0,0.3,0.21596082638558134,-0.0,0.05,0.0984006080958498,0.016068973220555307,-0.0067927969928380984
