trial,score,enabled,length,std,min_bandwidth_pct,expansion_lookback,expansion_min_ratio,min_mid_distance,va_trades_ratio,tr_on_return_pct,tr_on_pf,tr_on_sharpe,tr_on_max_dd,tr_on_trades,tr_on_wins,tr_on_losses,tr_on_win_rate,tr_on_gross_profit,tr_on_gross_loss,tr_on_net_pnl,tr_on_fees,tr_on_blocked,va_on_return_pct,va_on_pf,va_on_sharpe,va_on_max_dd,va_on_trades,va_on_wins,va_on_losses,va_on_win_rate,va_on_gross_profit,va_on_gross_loss,va_on_net_pnl,va_on_fees,va_on_blocked
95,0.5131531965039248,True,50,2.4,0.5,12,0.7000000000000001,0.04,0.5794392523364486,16.99051009195,1.0873058368669979,0.5473703188418012,20.442738286215146,130.0,41.0,89.0,31.53846153846154,21159.449999999997,19460.44,1699.0099999999984,2324.2,349.0,71.51139459644989,2.112249103733601,3.4487587693362434,9.038856603789746,62.0,29.0,33.0,46.774193548387096,13580.6,6429.45,7151.150000000001,1219.33,135.0
27,0.5004305419673013,True,50,2.4,1.0,14,0.35000000000000003,0.08,0.5607476635514018,21.661973918449874,1.1075754430538158,0.6420681201467272,23.778337015560027,128.0,40.0,88.0,31.25,22302.559999999998,20136.38,2166.1799999999967,2341.4,355.0,72.54464789334997,2.1015237213115996,3.530287767322029,8.568025262861587,60.0,28.0,32.0,46.666666666666664,13840.32,6585.85,7254.469999999999,1174.86,165.0
91,0.49424054197610356,True,49,2.4,0.4,10,0.65,0.07,0.5420560747663551,3.825928964599771,1.0215839677106506,0.23185132835406502,21.85478314670453,124.0,40.0,84.0,32.25806451612903,18107.3,17724.73,382.5699999999997,2126.18,373.0,64.76538990399986,2.1348505583582007,3.282137120145677,11.125076947714717,58.0,27.0,31.0,46.55172413793103,12183.4,5706.91,6476.49,1102.14,149.0
37,0.45211562102229896,True,15,2.8,0.4,12,0.8500000000000001,0.14,0.48598130841121495,60.54565899879967,1.257938646511733,1.396719049577368,28.379829846836046,98.0,37.0,61.0,37.755102040816325,29527.379999999997,23472.829999999994,6054.550000000003,2457.97,417.0,60.16553976509993,2.0706382282076015,3.008084355800506,10.895564550868242,52.0,23.0,29.0,44.23076923076923,11636.2,5619.62,6016.580000000001,943.13,183.0
23,0.4322308180727841,True,46,2.5,0.7000000000000001,10,0.45,0.07,0.6074766355140186,24.3983467340497,1.1019875417066909,0.6799472296757915,23.74473795670857,147.0,48.0,99.0,32.6530612244898,26362.87,23923.019999999997,2439.850000000002,2820.42,295.0,71.4317189466999,1.9891422351957193,3.4281889792799585,10.441062621327097,65.0,30.0,35.0,46.15384615384615,14364.71,7221.56,7143.149999999999,1291.23,137.0
144,0.41495328046254987,True,50,2.5,0.7000000000000001,5,0.4,0.06,0.6728971962616822,24.174486691699947,1.093563424098611,0.6742313742104901,28.184061578263382,153.0,50.0,103.0,32.6797385620915,28254.77,25837.339999999997,2417.430000000004,3071.83,280.0,76.28526296139982,1.9689150364652002,3.427656747109283,10.485638694434924,72.0,33.0,39.0,45.833333333333336,15501.78,7873.259999999999,7628.520000000001,1445.09,118.0
108,0.4015523595183661,True,50,2.4,0.9,10,0.6000000000000001,0.07,0.5514018691588785,-19.34061228635025,0.8844594691466584,-0.4592212661149989,31.175240253624125,129.0,37.0,92.0,28.68217054263566,14805.71,16739.84,-1934.130000000001,1891.21,358.0,62.30646413264987,2.0296418585281697,3.2143810101081036,13.328878550209755,59.0,27.0,32.0,45.76271186440678,12281.850000000002,6051.24,6230.610000000002,1134.67,154.0
89,0.39480085130039133,True,50,2.4,0.4,11,0.75,0.07,0.45794392523364486,-4.201618422700012,0.9677383197086296,-0.024312064029317102,21.237255939440487,100.0,31.0,69.0,31.0,12605.139999999996,13025.36,-420.2200000000048,1539.62,446.0,49.26235961745002,2.0511756333739473,2.9341218548224237,9.0385918340338,49.0,22.0,27.0,44.89795918367347,9612.65,4686.41,4926.24,884.01,177.0
148,0.39286477559704547,True,50,2.6,0.6000000000000001,2,0.4,0.06,0.6915887850467289,13.390804406449789,1.0558376142546233,0.45349023172687086,28.183738798830554,151.0,48.0,103.0,31.788079470198674,25319.44,23980.43,1339.0099999999984,2825.86,287.0,75.34972860504982,1.9477341705123319,3.396250530310021,10.941508319435659,74.0,33.0,41.0,44.5945945945946,15485.48,7950.51,7534.969999999999,1483.49,117.0
131,0.39203034235589296,True,50,2.3,0.8,11,0.75,0.04,0.5794392523364486,41.89501819210003,1.2008165879126198,1.0559204822410377,19.959116605888543,123.0,42.0,81.0,34.146341463414636,25051.94,20862.420000000002,4189.519999999997,2454.27,370.0,59.90296831320002,1.9245156929079414,3.0032398361998074,9.757887997322484,62.0,28.0,34.0,45.16129032258065,12469.630000000001,6479.360000000001,5990.27,1171.09,145.0
134,0.39037155479603364,True,50,2.3,0.7000000000000001,12,0.8,0.04,0.5420560747663551,16.11126204115013,1.0967173386208418,0.5553009528188704,22.89796938961586,111.0,36.0,75.0,32.432432432432435,18269.26,16658.129999999997,1611.130000000001,1916.38,427.0,55.53772446520008,1.955631916112747,3.042378992859293,7.823329212684338,58.0,26.0,32.0,44.827586206896555,11365.37,5811.61,5553.760000000001,1102.94,164.0
127,0.3812222193749545,True,50,2.3,1.2000000000000002,7,0.8,0.06,0.4485981308411215,5.916358482900014,1.0375559079269598,0.29029818795186924,21.541040319300297,102.0,31.0,71.0,30.392156862745097,16345.22,15753.580000000002,591.6399999999976,1700.91,442.0,52.143626765149996,2.029047657577474,2.958786154175253,9.81225972339645,48.0,22.0,26.0,45.833333333333336,10281.570000000002,5067.1900000000005,5214.380000000001,888.53,188.0
65,0.3805976576058643,True,46,2.6,0.0,14,0.35000000000000003,0.1,0.5607476635514018,13.845663954799967,1.0844632659796483,0.4935678533781184,22.907776911082234,109.0,35.0,74.0,32.11009174311926,17777.14,16392.569999999996,1384.5700000000033,1888.37,378.0,60.49586025624987,1.9424225524132361,3.158879226737178,9.878161102913912,60.0,26.0,34.0,43.333333333333336,12468.759999999998,6419.18,6049.579999999998,1163.21,161.0
98,0.37917814420799995,True,50,2.3,0.6000000000000001,10,0.75,0.03,0.6915887850467289,11.330752568850002,1.0490869276105033,0.4119918765136138,23.950938921345706,145.0,46.0,99.0,31.724137931034484,24217.28,23084.15,1133.1299999999974,2621.51,305.0,85.41204443404993,1.948744037873251,3.452047436020096,14.24001993249109,74.0,32.0,42.0,43.24324324324324,17543.88,9002.66,8541.220000000001,1569.23,110.0
147,0.35912768321338806,True,50,2.5,0.6000000000000001,2,0.45,0.06,0.7009345794392523,24.174486691699947,1.093563424098611,0.6742313742104901,28.184061578263382,153.0,50.0,103.0,32.6797385620915,28254.77,25837.339999999997,2417.430000000004,3071.83,280.0,71.69158973409995,1.8961386684399801,3.2705171462246523,10.941745383277407,75.0,33.0,42.0,44.0,15169.28,8000.09,7169.1900000000005,1469.23,115.0
142,0.3532099513678883,True,50,2.4,0.6000000000000001,4,0.6000000000000001,0.05,0.7102803738317757,46.01253085549965,1.1606229626542168,1.0324112519409532,23.68915177190154,164.0,55.0,109.0,33.53658536585366,33247.6,28646.34,4601.259999999998,3447.41,247.0,74.14949938664984,1.882047017987122,3.331254553735022,11.5989400026606,76.0,34.0,42.0,44.73684210526316,15821.56,8406.57,7414.99,1525.62,105.0
33,0.3525687114724369,True,50,2.5,1.4000000000000001,16,0.6000000000000001,0.04,0.514018691588785,8.141239140549951,1.0423151227681182,0.34160296495070586,25.484064551272823,124.0,37.0,87.0,29.838709677419356,20054.07,19239.93,814.1399999999994,2179.0,380.0,57.884476355000004,1.9544840686820117,3.0435713185461233,12.558673015146763,55.0,25.0,30.0,45.45454545454545,11852.91,6064.47,5788.44,1060.84,165.0
110,0.34006037693636854,True,50,2.4,1.1,10,0.6000000000000001,0.05,0.5981308411214953,2.569212661699748,1.0126490406986046,0.20508338040082372,24.013125923548625,142.0,44.0,98.0,30.985915492957748,20565.939999999995,20309.05,256.8899999999958,2320.59,318.0,61.40662606029982,1.888593204862724,3.068227471825324,12.993821546774337,64.0,29.0,35.0,45.3125,13051.180000000002,6910.530000000001,6140.6500000000015,1225.51,142.0
111,0.34006037693636854,True,50,2.4,1.1,10,0.6000000000000001,0.05,0.5981308411214953,2.569212661699748,1.0126490406986046,0.20508338040082372,24.013125923548625,142.0,44.0,98.0,30.985915492957748,20565.939999999995,20309.05,256.8899999999958,2320.59,318.0,61.40662606029982,1.888593204862724,3.068227471825324,12.993821546774337,64.0,29.0,35.0,45.3125,13051.180000000002,6910.530000000001,6140.6500000000015,1225.51,142.0
96,0.3341174198459633,True,50,2.3,0.5,10,0.7000000000000001,0.04,0.6728971962616822,22.123467133850045,1.096870792383763,0.6450423513473771,23.262255420349177,143.0,46.0,97.0,32.16783216783217,25050.39,22838.05,2212.34,2677.73,312.0,67.70643154964989,1.8618305821732977,3.1137029649016505,11.124718469836816,72.0,31.0,41.0,43.05555555555556,14626.69,7856.08,6770.610000000001,1428.29,120.0
18,0.33310800452224176,True,48,2.4,0.7000000000000001,12,0.15000000000000002,0.06,0.6728971962616822,33.88600030474994,1.1239109885709795,0.8331722602711606,23.407983675483145,158.0,51.0,107.0,32.278481012658226,30735.65,27347.05,3388.600000000002,3225.12,263.0,68.46370700724982,1.8587331172610329,3.2082310743483937,11.598745120547001,72.0,32.0,40.0,44.44444444444444,14819.01,7972.639999999999,6846.370000000001,1419.19,110.0
123,0.32504227379095285,True,48,2.3,0.7000000000000001,10,0.65,0.07,0.5420560747663551,-0.8161065273502753,0.9956135446859384,0.10441418957966744,22.766877027534697,126.0,39.0,87.0,30.952380952380953,18521.120000000003,18602.72,-81.59999999999854,2165.87,365.0,54.56425470789987,1.9069589239647882,2.893504417156807,13.366325161588414,58.0,26.0,32.0,44.827586206896555,11472.57,6016.16,5456.41,1076.76,158.0
132,0.32456227209459265,True,50,2.3,0.8,11,0.75,0.07,0.4485981308411215,-7.167062276300094,0.9450243669725897,-0.1232321519325766,21.877640636366927,98.0,29.0,69.0,29.591836734693878,12321.360000000002,13038.140000000001,-716.7799999999988,1492.86,449.0,45.12173559720006,1.960647137847856,2.733625953423538,9.714831632342895,48.0,22.0,26.0,45.833333333333336,9209.140000000001,4696.99,4512.1500000000015,842.21,186.0
109,0.3226420922183352,True,50,2.3,0.8,9,0.65,0.07,0.5420560747663551,-8.609390758200279,0.9501387127227658,-0.12823257406558575,28.45246349030985,126.0,38.0,88.0,30.158730158730158,16405.0,17265.899999999998,-860.8999999999978,1976.91,364.0,55.347517519649934,1.9171450065951254,2.9288508457571814,14.511931461185663,58.0,26.0,32.0,44.827586206896555,11569.51,6034.76,5534.75,1079.91,155.0
114,0.32077865924156523,True,50,2.4,1.2000000000000002,11,0.6000000000000001,0.09,0.4485981308411215,-16.913433021350066,0.8753344546932745,-0.4487176157140133,26.75489782138613,97.0,26.0,71.0,26.804123711340207,11875.54,13566.860000000002,-1691.3200000000015,1438.63,449.0,47.6968879005499,1.9624864293295992,2.882658163429863,8.407614697065819,48.0,21.0,27.0,43.75,9725.180000000002,4955.54,4769.640000000002,862.97,196.0
149,0.31394707492734014,True,48,2.6,0.7000000000000001,3,0.4,0.07,0.6542056074766355,17.674490302949852,1.0721218212303314,0.5451870061307138,29.50716711202398,143.0,46.0,97.0,32.16783216783217,26274.2,24506.73,1767.4700000000012,2831.19,306.0,63.250568578149846,1.8222910675562536,3.136053204788311,7.696259219000383,70.0,30.0,40.0,42.857142857142854,14016.99,7691.96,6325.03,1353.81,127.0
74,0.30817406857921975,True,45,2.6,0.4,13,0.15000000000000002,0.1,0.5887850467289719,36.60916931084991,1.1641832947343307,0.9552385131371449,27.507063440884334,121.0,41.0,80.0,33.88429752066116,25958.54,22297.64,3660.9000000000015,2566.9,347.0,54.214594470649935,1.8084283703341404,2.8928586011244364,9.87834036516357,63.0,26.0,37.0,41.26984126984127,12127.61,6706.160000000001,5421.45,1185.17,149.0
82,0.3078536701748994,True,47,2.5,0.2,14,0.30000000000000004,0.08,0.6261682242990654,32.90643221599991,1.131544662991306,0.8432055132319957,27.221594929465905,141.0,47.0,94.0,33.333333333333336,28305.850000000006,25015.23,3290.6200000000063,2929.91,320.0,60.9341001471999,1.8145512197534694,3.0641345992734945,10.441062621327097,67.0,29.0,38.0,43.28358208955224,13573.95,7480.61,6093.340000000001,1298.37,131.0
62,0.29954129905752525,True,48,2.5,0.0,15,0.55,0.07,0.5607476635514018,5.887585513499872,1.0324027622676482,0.2876620300999319,23.561267753501884,121.0,39.0,82.0,32.231404958677686,18757.859999999997,18169.13,588.7299999999959,2143.27,377.0,53.62448868309991,1.8542973348860847,2.8738431259140884,13.807100407036527,60.0,26.0,34.0,43.333333333333336,11639.480000000001,6277.030000000001,5362.450000000001,1125.55,148.0
124,0.2981483923914839,True,33,2.4,0.5,12,0.7000000000000001,0.04,0.6355140186915887,29.10694221960004,1.121790239659037,0.7663673139366973,19.847601022044955,146.0,47.0,99.0,32.19178082191781,26810.08,23899.370000000003,2910.709999999999,2702.06,289.0,60.012999806999865,1.8253218417835282,2.775145698714123,15.763751984053936,68.0,29.0,39.0,42.64705882352941,13272.7,7271.43,6001.27,1174.87,137.0
64,0.29564692723266045,True,46,2.6,0.0,14,0.35000000000000003,0.08,0.5981308411214953,23.163826213199844,1.1051846483514538,0.6714427201529395,27.222769945439286,135.0,44.0,91.0,32.592592592592595,24338.520000000004,22022.13,2316.390000000003,2559.11,325.0,58.24920241114992,1.8043894948200478,2.9981721796072245,11.03541900021427,64.0,27.0,37.0,42.1875,13066.269999999997,7241.379999999999,5824.889999999998,1261.47,139.0
107,0.295189394900406,True,17,2.4,0.1,11,0.75,0.07,0.6074766355140186,31.59912706109964,1.115203727468938,0.8064327375396304,27.40559060872126,134.0,45.0,89.0,33.582089552238806,30588.700000000004,27428.8,3159.900000000005,2942.11,321.0,56.96118950104982,1.819767918796044,2.763589073104643,15.728972315153644,65.0,27.0,38.0,41.53846153846154,12644.529999999997,6948.43,5696.099999999997,1130.89,138.0
141,0.29430388441972,True,50,2.4,1.2000000000000002,11,0.65,0.05,0.4953271028037383,11.202594472549881,1.0637127211591617,0.421451187007615,20.756295757602857,123.0,39.0,84.0,31.70731707317073,18702.579999999998,17582.36,1120.2199999999975,2020.28,370.0,49.677538575749914,1.8714981676177982,2.734748887186669,11.086832481248736,53.0,23.0,30.0,43.39622641509434,10667.970000000001,5700.23,4967.740000000002,958.37,170.0
71,0.28109781783194254,True,47,2.6,0.0,14,0.35000000000000003,0.08,0.6261682242990654,10.32452407844985,1.0498133849499882,0.3923452838836411,27.22293761147626,133.0,43.0,90.0,32.330827067669176,21759.65,20727.160000000003,1032.489999999998,2402.29,335.0,59.2416379258999,1.7919260595058426,3.0070599684653168,10.441062621327097,67.0,29.0,38.0,43.28358208955224,13404.7,7480.61,5924.090000000001,1297.81,139.0
32,0.2807110247024066,True,50,2.5,1.0,15,0.6000000000000001,0.07,0.4672897196261682,-8.398871606650209,0.940603658782372,-0.1453261756536223,23.244143361420072,107.0,32.0,75.0,29.906542056074766,13300.86,14140.769999999999,-839.909999999998,1638.34,411.0,46.00365880730005,1.900579655104234,2.7730275611786235,13.056046325556709,50.0,22.0,28.0,44.0,9708.560000000001,5108.210000000001,4600.35,897.4399999999999,183.0
51,0.2807110247024066,True,50,2.5,1.0,15,0.6000000000000001,0.07,0.4672897196261682,-8.398871606650209,0.940603658782372,-0.1453261756536223,23.244143361420072,107.0,32.0,75.0,29.906542056074766,13300.86,14140.769999999999,-839.909999999998,1638.34,411.0,46.00365880730005,1.900579655104234,2.7730275611786235,13.056046325556709,50.0,22.0,28.0,44.0,9708.560000000001,5108.210000000001,4600.35,897.4399999999999,183.0
61,0.2807110247024066,True,50,2.5,1.0,15,0.6000000000000001,0.07,0.4672897196261682,-8.398871606650209,0.940603658782372,-0.1453261756536223,23.244143361420072,107.0,32.0,75.0,29.906542056074766,13300.86,14140.769999999999,-839.909999999998,1638.34,411.0,46.00365880730005,1.900579655104234,2.7730275611786235,13.056046325556709,50.0,22.0,28.0,44.0,9708.560000000001,5108.210000000001,4600.35,897.4399999999999,183.0
100,0.27478315405864656,True,49,2.1,1.4000000000000001,10,0.75,0.03,0.514018691588785,0.5686698452498604,1.002850412249706,0.15382858027492058,27.93461290721221,123.0,37.0,86.0,30.08130081300813,20008.370000000006,19951.499999999996,56.870000000009895,2029.1200000000001,401.0,58.63057898604996,1.8738430583501005,2.794930712753805,16.727751149566522,55.0,23.0,32.0,41.81818181818182,12572.55,6709.5,5863.049999999999,1050.37,172.0
146,0.26763798896482915,True,47,3.0,0.1,4,0.35000000000000003,0.08,0.5981308411214953,18.307146738949996,1.0938033191746641,0.58319038384541,26.770247177431685,118.0,38.0,80.0,32.20338983050848,21347.65,19516.899999999998,1830.7500000000036,2213.03,361.0,53.53387366750001,1.7654483035713011,2.8260496868445646,11.03529870055691,64.0,26.0,38.0,40.625,12347.210000000001,6993.8099999999995,5353.4000000000015,1215.27,146.0
31,0.2651395313892247,True,47,2.6,0.6000000000000001,10,0.4,0.08,0.6355140186915887,10.32452407844985,1.0498133849499882,0.3923452838836411,27.22293761147626,133.0,43.0,90.0,32.330827067669176,21759.65,20727.160000000003,1032.489999999998,2402.29,332.0,57.872255181199904,1.7703830609734674,2.9516263751756266,10.441319298505853,68.0,29.0,39.0,42.64705882352941,13299.330000000002,7512.119999999999,5787.210000000003,1304.43,143.0
24,0.26283655798813577,True,47,2.6,0.8,10,0.4,0.1,0.514018691588785,13.78634827474998,1.084054547904398,0.49254918761139616,23.63533584031983,107.0,34.0,73.0,31.77570093457944,17780.37,16401.73,1378.6399999999994,1881.39,392.0,46.79255170630002,1.802104314049502,2.706919960360761,9.449528727677201,55.0,23.0,32.0,41.81818181818182,10512.990000000002,5833.73,4679.260000000002,995.4,176.0
81,0.2594874050728391,True,46,2.6,0.0,15,0.15000000000000002,0.08,0.616822429906542,36.26797473189976,1.1399357267511065,0.9034480148278066,29.506342327522862,141.0,47.0,94.0,33.333333333333336,29544.249999999996,25917.469999999998,3626.779999999999,2995.55,310.0,54.806899143299944,1.7481163084012643,2.8565448257766892,11.03548480205547,66.0,27.0,39.0,40.90909090909091,12806.77,7326.040000000001,5480.73,1269.76,132.0
139,0.25608766157047036,True,46,2.2,0.4,13,0.7000000000000001,0.09,0.4392523364485981,-2.638940104900048,0.9817098446314172,0.03420556280336165,24.479968136815955,94.0,29.0,65.0,30.851063829787233,14162.480000000001,14426.340000000002,-263.8600000000006,1580.08,456.0,41.30309035939996,1.8452782462057338,2.6499602548582155,6.777281585605086,47.0,19.0,28.0,40.42553191489362,9016.62,4886.32,4130.300000000001,856.03,184.0
113,0.24898186354672103,True,48,2.5,1.4000000000000001,11,0.55,0.06,0.5046728971962616,0.8984435431498241,1.0045173016624593,0.15981660919428675,27.415476976124847,125.0,38.0,87.0,30.4,19984.489999999994,19894.62,89.86999999999534,2176.5,379.0,50.15964146684988,1.8306156345372677,2.700983025680062,14.910108830624372,54.0,24.0,30.0,44.44444444444444,11054.739999999998,6038.81,5015.929999999998,986.33,177.0
44,0.2386564232502995,True,24,2.2,0.6000000000000001,14,0.55,0.14,0.6074766355140186,20.191371233499737,1.0793736961666955,0.5859631022464211,30.959130434159178,137.0,45.0,92.0,32.846715328467155,27458.629999999997,25439.41,2019.2199999999975,2686.86,320.0,57.37106005744983,1.7665552760025494,2.586356903668549,18.83080376991403,65.0,26.0,39.0,40.0,13221.2,7484.17,5737.030000000001,1128.53,144.0
121,0.2284808082755842,True,50,2.3,0.5,10,0.8,0.04,0.6074766355140186,10.275656680049924,1.059652624300973,0.39864332084271636,22.477526391003327,118.0,38.0,80.0,32.20338983050848,18253.289999999997,17225.73,1027.5599999999977,1938.4,398.0,50.924764254349995,1.7171500955497878,2.6228058904816005,11.097921199282895,65.0,28.0,37.0,43.07692307692308,12193.499999999998,7101.009999999999,5092.489999999999,1277.3,141.0
137,0.225149796549373,True,50,2.1,0.9,19,0.75,0.04,0.5233644859813084,37.14335280820013,1.229290284187575,1.0404792886711234,21.31787735412767,100.0,35.0,65.0,35.0,19913.469999999998,16199.16,3714.3099999999977,1882.87,434.0,41.68317464200007,1.7229266499130234,2.397391720387335,11.304156506024691,56.0,24.0,32.0,42.857142857142854,9934.24,5765.91,4168.33,976.41,175.0
106,0.22500432908873744,True,30,2.2,0.6000000000000001,8,0.7000000000000001,0.02,0.7476635514018691,28.315526676249704,1.084482593493531,0.7056111859356168,27.71866950440995,181.0,60.0,121.0,33.149171270718234,36348.05,33516.490000000005,2831.5599999999977,3740.95,207.0,71.22790001839974,1.7445752276219646,2.959549018494939,13.71609945336184,80.0,33.0,47.0,41.25,16689.13,9566.300000000001,7122.83,1530.8,93.0
75,0.2142084199381227,True,43,2.8,0.4,13,0.1,0.1,0.5981308411214953,15.26747125404994,1.069753671895131,0.5055239102536224,32.553952921161795,121.0,38.0,83.0,31.40495867768595,23414.640000000003,21887.88,1526.760000000002,2398.32,349.0,46.95161316404996,1.6993781048209908,2.6621744460656416,12.605409378015258,64.0,26.0,38.0,40.625,11408.52,6713.350000000001,4695.169999999999,1172.15,146.0
85,0.21169683649950322,True,49,2.5,0.2,7,0.4,0.1,0.5420560747663551,29.10399398229998,1.1651853062670057,0.8386743232300699,20.26337738067102,111.0,35.0,76.0,31.53153153153153,20529.329999999998,17618.940000000002,2910.389999999996,2090.22,389.0,42.350180823199935,1.6972392026960952,2.5174171542225334,9.614438174366537,58.0,23.0,35.0,39.6551724137931,10308.980000000001,6073.97,4235.010000000001,1040.28,165.0
45,0.2096559175740903,True,48,2.3,0.4,9,0.15000000000000002,0.11,0.5700934579439252,29.284478823400022,1.1577774269792893,0.8316915330795452,23.64396452017748,113.0,37.0,76.0,32.743362831858406,21489.31,18560.829999999998,2928.480000000003,2183.8,379.0,43.61887490104995,1.6809414754694654,2.5229107199323573,9.878195734549621,61.0,24.0,37.0,39.34426229508197,10767.59,6405.6900000000005,4361.9,1098.86,155.0
54,0.20759463719521656,True,44,2.5,0.6000000000000001,19,0.5,0.09,0.48598130841121495,5.118940737099837,1.03178683436187,0.2684740222216728,26.536233636322386,104.0,33.0,71.0,31.73076923076923,16617.350000000002,16105.409999999998,511.94000000000415,1838.65,414.0,43.73889235675,1.7748862605589883,2.6448694480436967,14.63542826590149,52.0,21.0,31.0,40.38461538461539,10018.31,5644.4800000000005,4373.829999999999,969.8100000000001,178.0
145,0.20639619177988816,True,48,2.5,0.4,4,0.4,0.1,0.5700934579439252,24.515438870049966,1.1316996206256722,0.7274601390906003,24.404905891879988,114.0,37.0,77.0,32.45614035087719,21066.429999999997,18614.859999999997,2451.5699999999997,2158.07,375.0,43.61887490104995,1.6809414754694654,2.5229107199323573,9.878195734549621,61.0,24.0,37.0,39.34426229508197,10767.59,6405.6900000000005,4361.9,1098.86,154.0
79,0.20270129929235092,True,49,2.5,1.2000000000000002,13,0.2,0.03,0.7476635514018691,47.87877262344986,1.1317595607482602,1.0007540793487175,29.983055721883794,185.0,60.0,125.0,32.432432432432435,41126.06,36338.159999999996,4787.9000000000015,4128.95,192.0,72.89096881999984,1.7178140550356438,2.9949214931125763,14.566062329072613,80.0,33.0,47.0,41.25,17443.559999999998,10154.510000000002,7289.049999999996,1629.23,95.0
72,0.20125842040194775,True,46,2.6,0.0,16,0.35000000000000003,0.05,0.7383177570093458,7.018014565399826,1.0289305308616377,0.3112780693910082,28.302815829915584,158.0,49.0,109.0,31.0126582278481,24959.91,24258.11,701.7999999999993,2771.98,246.0,65.35733504339977,1.7137660306639861,3.000660559009382,12.520822091138307,79.0,34.0,45.0,43.037974683544306,15692.39,9156.669999999998,6535.720000000001,1561.3,98.0
22,0.19563518144510209,True,41,2.6,0.7000000000000001,11,0.4,0.05,0.7757009345794392,35.100470086799724,1.1051526915943455,0.8259348852948631,32.977622306070096,175.0,59.0,116.0,33.714285714285715,36890.03,33380.03,3510.0,3742.82,198.0,68.32572104579987,1.7105829130050434,3.0863325516689777,15.272541654324803,83.0,34.0,49.0,40.963855421686745,16448.109999999997,9615.500000000002,6832.609999999995,1598.63,95.0
133,0.18581797945335093,True,48,2.4,1.1,11,0.8500000000000001,0.03,0.5233644859813084,10.988597204149828,1.0724743492589859,0.42859560110132683,22.074365094029844,106.0,33.0,73.0,31.132075471698112,16261.210000000001,15162.330000000002,1098.8799999999992,1677.55,442.0,46.10451286325004,1.7026862668891887,2.577981389132896,11.068593435053446,56.0,24.0,32.0,42.857142857142854,11171.58,6561.15,4610.43,1077.47,174.0
143,0.18461631722306407,True,49,2.4,0.6000000000000001,11,0.55,0.03,0.7757009345794392,11.887353966899774,1.0410158736730966,0.4118972412151305,32.36145443494169,181.0,56.0,125.0,30.939226519337016,30170.67,28981.949999999997,1188.7200000000012,3360.6,202.0,70.54626295474988,1.7145573146150497,2.979797207030843,16.510699163695488,83.0,35.0,48.0,42.16867469879518,16927.31,9872.7,7054.610000000001,1694.13,79.0
83,0.1635399369060411,True,48,2.4,0.4,13,0.30000000000000004,0.11,0.5233644859813084,38.313922892200026,1.2102648588666969,1.0236325683882226,21.171095828069724,110.0,37.0,73.0,33.63636363636363,22053.18,18221.78,3831.4000000000015,2186.18,394.0,37.20495708389991,1.6421680903468783,2.3123828264735464,12.232650427724606,56.0,22.0,34.0,39.285714285714285,9514.18,5793.670000000001,3720.5099999999993,986.81,170.0
112,0.16179027435918145,True,49,2.4,1.7000000000000002,10,0.6000000000000001,0.05,0.411214953271028,-10.573307000950189,0.9416571115155113,-0.16208284908898105,34.60583097153357,108.0,30.0,78.0,27.77777777777778,17065.52,18122.86,-1057.3400000000001,1799.02,416.0,40.23667034519991,1.7853944471337784,2.438481751306657,16.9744139070085,44.0,19.0,25.0,43.18181818181818,9146.79,5123.119999999999,4023.670000000002,804.0699999999999,198.0
80,0.1589589633992202,True,13,2.7,0.6000000000000001,3,1.0,0.06,0.6822429906542056,44.19180228869953,1.116304157592426,0.9640493745366088,36.85812372479212,161.0,55.0,106.0,34.161490683229815,42415.93000000001,37996.75,4419.180000000008,3893.41,254.0,62.03050026469992,1.6584332611185475,2.5649972246726183,15.035459261061709,73.0,28.0,45.0,38.35616438356164,15624.050000000001,9420.97,6203.080000000002,1366.3,110.0
115,0.15443160064354128,True,49,2.4,0.9,9,0.55,0.03,0.7850467289719626,20.90009735744987,1.0703608840912855,0.5856554674262526,30.178150136059717,179.0,56.0,123.0,31.28491620111732,31793.7,29703.72,2089.9799999999996,3422.33,205.0,68.03049821729991,1.6656021790687299,2.8659139587066482,14.165787850181305,84.0,35.0,49.0,41.666666666666664,17023.92,10220.88,6803.039999999999,1679.44,85.0
117,0.15287664077392238,True,46,2.3,1.3,10,0.65,0.07,0.4485981308411215,10.56360500189976,1.0588886559868702,0.40845705286837186,21.833861547502046,109.0,35.0,74.0,32.11009174311926,18994.260000000006,17937.920000000006,1056.3400000000001,1954.74,422.0,37.01167161094996,1.690923414089597,2.3427114812821968,9.745093536377047,48.0,19.0,29.0,39.583333333333336,9058.039999999999,5356.860000000001,3701.1799999999985,855.1,189.0
88,0.15117154618893291,True,47,2.6,0.2,15,0.5,0.01,0.8598130841121495,15.248227762149998,1.0462931591423548,0.47005970650966683,31.89952654429274,200.0,63.0,137.0,31.5,34463.39,32938.56,1524.8300000000017,3779.62,119.0,76.35876517224985,1.6819316016125254,2.9233891412546864,15.618106391746458,92.0,38.0,54.0,41.30434782608695,18833.159999999996,11197.34,7635.819999999996,1858.85,48.0
84,0.15020576026808638,True,47,2.5,0.7000000000000001,12,0.25,0.13,0.48598130841121495,7.586448480600103,1.048503617249254,0.3341748471242877,23.086353193537775,98.0,28.0,70.0,28.571428571428573,16400.4,15641.720000000001,758.6800000000003,1711.07,429.0,36.73573282429998,1.6856725828398005,2.346998383996034,14.757919620342152,52.0,21.0,31.0,40.38461538461539,9031.21,5357.629999999999,3673.58,922.22,190.0
76,0.14385874969247106,True,48,2.4,0.2,12,0.25,0.15,0.45794392523364486,4.426345291199977,1.0388431898713737,0.2505062867190081,22.823607302278955,78.0,23.0,55.0,29.487179487179485,11838.47,11395.820000000002,442.6499999999978,1285.16,472.0,33.67035034539993,1.6788121326975993,2.2350287300401877,11.681273558049611,49.0,19.0,30.0,38.775510204081634,8327.16,4960.1500000000015,3367.0099999999984,856.4,201.0
55,0.13100815554548365,True,48,2.9000000000000004,0.2,14,0.35000000000000003,0.02,0.8691588785046729,39.79103986299995,1.1091561273105937,0.8735107841220848,31.50700477459521,199.0,63.0,136.0,31.65829145728643,40433.00000000001,36453.84,3979.1600000000108,4256.81,140.0,75.45200172749989,1.653059016492766,3.0038011005091576,15.98097910186293,93.0,38.0,55.0,40.86021505376344,19098.699999999997,11553.55,7545.149999999998,1933.16,50.0
102,0.12800931319935238,True,50,2.3,0.5,11,0.8,0.03,0.6542056074766355,9.828864100250048,1.0528910392286328,0.3854577831599038,25.65426979833016,122.0,39.0,83.0,31.9672131147541,19565.989999999998,18583.11,982.8799999999974,2076.11,371.0,51.18720991505008,1.6102754188032555,2.523946175454071,13.908676984451485,70.0,28.0,42.0,40.0,13506.329999999998,8387.59,5118.739999999998,1384.02,135.0
128,0.12789449253935178,True,47,2.4,1.3,5,0.8,0.06,0.5233644859813084,-0.44606236895016993,0.9972998556538013,0.11554613813871634,22.054392215137295,109.0,32.0,77.0,29.357798165137616,16498.89,16543.559999999998,-44.669999999998254,1750.11,405.0,39.74847251760002,1.6317317732545664,2.279082466035536,11.29805245962569,56.0,23.0,33.0,41.07142857142857,10266.839999999998,6291.99,3974.8499999999985,984.9,175.0
69,0.12525917884080962,True,47,2.7,0.30000000000000004,14,0.2,0.12,0.5046728971962616,7.586448480600103,1.048503617249254,0.3341748471242877,23.086353193537775,98.0,28.0,70.0,28.571428571428573,16400.4,15641.720000000001,758.6800000000003,1711.07,426.0,34.871839793399964,1.6389695629309444,2.246753628824395,15.192197314323533,54.0,21.0,33.0,38.888888888888886,8944.66,5457.49,3487.17,948.28,183.0
103,0.11784998399498046,True,49,2.4,0.8,9,0.65,0.01,0.8504672897196262,4.579417113399796,1.0148148172112377,0.2622146421094454,33.41726811332676,197.0,61.0,136.0,30.96446700507614,31368.199999999997,30910.269999999997,457.9300000000003,3431.77,142.0,69.26253160869994,1.6391825833857048,2.761348410538559,15.016046357810579,91.0,37.0,54.0,40.65934065934066,17762.33,10836.09,6926.240000000002,1763.4,60.0
122,0.11482641622802173,True,50,2.4,0.30000000000000004,11,0.8500000000000001,0.05,0.4392523364485981,5.886457502149987,1.0499749560669986,0.29771874125047987,25.665258747027984,87.0,28.0,59.0,32.18390804597701,12367.969999999998,11779.3,588.6699999999983,1367.04,489.0,29.872590729250042,1.6331075524961642,2.1097102679356063,9.433175560974776,47.0,19.0,28.0,40.42553191489362,7705.719999999999,4718.439999999999,2987.2800000000007,826.3,192.0
77,0.11395391523301379,True,45,2.7,0.5,15,0.0,0.04,0.8317757009345794,32.00800367324968,1.0969189006693303,0.7768331005077292,30.429681506156857,177.0,57.0,120.0,32.20338983050848,36226.350000000006,33025.55,3200.800000000003,3794.83,185.0,61.29990481234984,1.6113286840213055,2.803529534317841,15.00283003495388,89.0,36.0,53.0,40.449438202247194,16157.259999999998,10027.29,6129.9699999999975,1677.02,71.0
105,0.11037598533611837,True,47,2.3,1.0,12,0.7000000000000001,0.06,0.48598130841121495,-11.202919771800172,0.9259243341032124,-0.22845167498880622,22.69449756387905,103.0,30.0,73.0,29.12621359223301,14003.300000000003,15123.59,-1120.2899999999972,1596.49,413.0,36.07536763289996,1.6340239161458592,2.2036848319826046,10.495795621366529,52.0,21.0,31.0,40.38461538461539,9297.400000000001,5689.88,3607.5200000000013,916.64,173.0
73,0.10428870147300551,True,49,2.5,0.7000000000000001,14,0.55,0.09,0.48598130841121495,-1.8200066023001271,0.9871346360339052,0.061584903471191256,20.15944761230419,104.0,32.0,72.0,30.76923076923077,13964.51,14146.51,-182.0,1641.44,418.0,33.8506023380499,1.6147442439915591,2.17680236818248,11.190654617704299,52.0,21.0,31.0,40.38461538461539,8891.460000000001,5506.42,3385.040000000001,906.93,178.0
42,0.10407616119146403,True,35,2.4,0.30000000000000004,13,0.5,0.06,0.8317757009345794,55.86313380904999,1.180975823412557,1.136327912495053,29.549878637556088,164.0,54.0,110.0,32.926829268292686,36454.22,30867.88,5586.34,3424.17,213.0,62.81639420039979,1.6009038017452328,2.6727809517742243,17.349198581946972,89.0,35.0,54.0,39.325842696629216,16735.24,10453.62,6281.620000000001,1652.1299999999999,78.0
63,0.09001360888576554,True,48,2.4,0.1,16,0.55,0.05,0.6355140186915887,1.973224951150023,1.0100206792041955,0.18543846336981287,22.947023200340123,138.0,43.0,95.0,31.159420289855074,19888.6,19691.280000000006,197.31999999999243,2319.54,319.0,40.56035709374996,1.5490103981959495,2.231794954959505,13.366605119054686,68.0,27.0,41.0,39.705882352941174,11443.810000000001,7387.820000000001,4055.9900000000007,1207.89,128.0
116,0.08950127566301361,True,37,2.5,1.1,10,0.75,0.05,0.5420560747663551,42.113578702449864,1.2082684665188328,1.0479865074644001,21.48477872027504,117.0,41.0,76.0,35.042735042735046,24432.3,20220.920000000002,4211.379999999997,2221.84,371.0,38.18656262375003,1.5619548661952658,2.097920875446063,17.16190265415346,58.0,22.0,36.0,37.93103448275862,10614.03,6795.35,3818.6800000000003,974.73,174.0
66,0.08319957586979869,True,40,2.6,0.7000000000000001,13,0.30000000000000004,0.1,0.6822429906542056,18.6447329864498,1.0745235063283347,0.5716447473858496,35.24589041695908,135.0,43.0,92.0,31.85185185185185,26883.74,25019.220000000005,1864.5199999999968,2788.41,311.0,44.82077952444977,1.5437124397398172,2.4099432096514097,13.661459726988495,73.0,29.0,44.0,39.726027397260275,12725.470000000001,8243.419999999998,4482.050000000003,1338.92,131.0
101,0.07991583653601006,True,48,2.3,0.6000000000000001,10,0.9,0.05,0.411214953271028,-12.28306837820015,0.8879012408773113,-0.3620551136124882,24.08687787297595,83.0,23.0,60.0,27.710843373493976,9729.24,10957.57,-1228.33,1198.89,502.0,27.97330019465005,1.6281567045867933,2.0143701917047205,9.412232375970156,44.0,18.0,26.0,40.90909090909091,7250.54,4453.22,2797.3199999999997,764.52,200.0
41,0.07085424227255757,True,30,2.5,0.9,12,0.65,0.09,0.5233644859813084,19.880839848099786,1.092431786302259,0.5908791196566638,20.82318493039139,129.0,42.0,87.0,32.55813953488372,23496.579999999998,21508.51,1988.0699999999997,2291.56,356.0,32.81989095039991,1.5599029638007893,2.022444291509473,18.371751734414847,56.0,22.0,34.0,39.285714285714285,9143.730000000001,5861.7300000000005,3282.000000000001,862.7,168.0
136,0.06981083047039272,True,49,2.3,0.7000000000000001,12,0.8,0.08,0.411214953271028,-13.80448166275006,0.8705637252144302,-0.4250280165610038,26.300285787663785,77.0,21.0,56.0,27.272727272727273,9284.98,10665.48,-1380.5,1168.34,514.0,26.940220278250017,1.6199745939402865,1.9575752038155092,10.506409605812992,44.0,18.0,26.0,40.90909090909091,7039.47,4345.42,2694.05,748.39,202.0
67,0.06301917764090204,True,43,2.8,0.2,12,0.4,0.01,0.9158878504672897,68.30288602049983,1.161787904972514,1.2303204186853909,25.95955365972506,209.0,71.0,138.0,33.97129186602871,49047.990000000005,42217.68,6830.310000000005,4837.1,68.0,68.45593605019982,1.5728212127120298,2.5937823870549774,17.243751065694273,98.0,38.0,60.0,38.775510204081634,18796.11,11950.57,6845.540000000001,1869.09,24.0
47,0.04567573222451159,True,48,2.8,1.4000000000000001,15,0.45,0.02,0.7289719626168224,9.333381326699728,1.032812831788094,0.35886407111097757,32.59779799397387,175.0,53.0,122.0,30.285714285714285,29377.699999999997,28444.360000000004,933.3399999999929,3143.5,210.0,51.248802946999874,1.5402655944776928,2.3502759960156903,18.240672552935322,78.0,31.0,47.0,39.743589743589745,14610.789999999999,9485.889999999998,5124.9000000000015,1451.3,102.0
118,0.043042615817903154,True,48,2.4,1.9000000000000001,12,0.45,0.02,0.48598130841121495,-2.4707733961000486,0.9899488921894917,0.09454045825883184,40.42399613796662,135.0,39.0,96.0,28.88888888888889,24334.300000000003,24581.37,-247.06999999999607,2399.38,335.0,43.39509192014988,1.5866564282402116,2.235564887677075,17.869605802917395,52.0,21.0,31.0,40.38461538461539,11736.449999999999,7396.97,4339.479999999999,1037.74,175.0
87,0.0424409322553961,True,43,2.5,0.9,14,0.15000000000000002,0.06,0.6822429906542056,20.977280533199718,1.0705712045155664,0.5881538210536587,29.939235019381982,167.0,54.0,113.0,32.33532934131737,31822.439999999995,29724.73,2097.7099999999955,3334.57,234.0,42.930190344349754,1.50625116450197,2.267295726833509,16.47919299226568,73.0,28.0,45.0,38.35616438356164,12773.039999999997,8480.02,4293.019999999997,1287.09,117.0
125,0.0292324678777671,True,26,2.5,0.6000000000000001,9,0.5,0.08,0.8317757009345794,116.82466861024979,1.230983025459043,1.7432474954412922,28.207376172950198,187.0,69.0,118.0,36.898395721925134,62259.329999999994,50576.920000000006,11682.409999999989,5558.61,161.0,53.46936615514982,1.5042218961472018,2.2857867513517447,17.970202786481224,89.0,34.0,55.0,38.20224719101124,15951.13,10604.239999999998,5346.890000000001,1583.95,72.0
15,0.007386025616931657,True,39,2.3,0.1,6,0.0,0.01,0.9813084112149533,57.51943184449967,1.1194463024288177,1.0591114994743793,29.002135672202183,225.0,75.0,150.0,33.333333333333336,53907.53,48155.53,5752.0,5414.21,24.0,66.20361684864984,1.5169845709814502,2.5230280249264183,15.218000485994446,105.0,40.0,65.0,38.095238095238095,19426.109999999997,12805.74,6620.369999999997,2010.03,8.0
94,0.0008078522188988378,True,44,2.4,0.9,11,0.65,0.02,0.7009345794392523,21.47633808864972,1.0788602180465843,0.5974901355708369,27.060346638339,170.0,55.0,115.0,32.35294117647059,29381.28,27233.63,2147.649999999998,2992.06,229.0,43.81973130594996,1.4650904606135993,1.9990019648649515,16.152708573910385,75.0,28.0,47.0,37.333333333333336,13803.759999999998,9421.78,4381.979999999998,1365.8600000000001,100.0
14,0.0,True,38,3.0,0.0,12,0.2,0.0,1.0,59.31698386044986,1.121948932943753,1.0749397066646373,28.64310832705495,234.0,78.0,156.0,33.333333333333336,54572.00000000001,48640.36,5931.640000000007,5520.15,1.0,66.58595968189977,1.5111664188311016,2.520004641747092,15.217576682345213,107.0,41.0,66.0,38.3177570093458,19684.620000000003,13026.11,6658.510000000002,2049.61,0.0
43,-0.009800040667007862,True,16,2.7,1.3,11,0.35000000000000003,0.03,0.4766355140186916,16.363524225349686,1.0516227646072476,0.48898082011600885,38.24969349232474,142.0,44.0,98.0,30.985915492957748,33333.76,31697.45,1636.3100000000013,2835.42,336.0,32.966452666249936,1.4880175388473331,1.7397594686902538,15.525310127241736,51.0,19.0,32.0,37.254901960784316,10051.99,6755.289999999999,3296.7000000000007,827.26,177.0
135,-0.027339933891395673,True,47,2.2,0.30000000000000004,12,0.8,0.01,0.6822429906542056,-10.053217018600009,0.9484203878449461,-0.13067917851210564,26.70249585911787,148.0,46.0,102.0,31.08108108108108,18486.43,19491.81,-1005.380000000001,2188.78,316.0,41.169951340400004,1.4399694359544317,1.958537029903071,14.10950412358217,73.0,28.0,45.0,38.35616438356164,13474.369999999999,9357.4,4116.969999999999,1388.67,109.0
21,-0.060945089047665574,True,38,2.1,0.1,12,0.15000000000000002,0.04,0.9439252336448598,48.49985998199978,1.1205567826535245,0.9770115771956757,26.538902506588435,197.0,65.0,132.0,32.994923857868024,45080.47,40230.42,4850.050000000003,4422.02,97.0,49.62655494019984,1.4172935365552175,2.128443159343929,14.29267355051554,101.0,37.0,64.0,36.633663366336634,16855.05,11892.42,4962.629999999999,1799.95,37.0
119,-0.07170602600840424,True,49,2.5,1.6,8,0.5,0.0,0.7570093457943925,48.1855145155997,1.119675473518223,0.9652940671461011,28.91896714739069,194.0,65.0,129.0,33.50515463917526,45081.46000000001,40262.97,4818.490000000005,4289.84,153.0,37.79014787624972,1.3883662567595623,1.7359372170449558,20.25110190147431,81.0,29.0,52.0,35.80246913580247,13509.72,9730.659999999998,3779.0600000000013,1367.47,88.0
34,-0.09104990567163282,True,45,2.2,1.5,18,0.5,0.04,0.4392523364485981,-7.7961348485503,0.9595098193505429,-0.07183511106999321,31.772654680395807,122.0,36.0,86.0,29.508196721311474,18473.74,19253.31,-779.5699999999997,1894.13,376.0,28.732801597249946,1.445783207300688,1.7531283208614377,23.189533955854696,47.0,17.0,30.0,36.170212765957444,9318.68,6445.42,2873.26,864.99,180.0
78,-0.10401385814835538,True,42,2.2,0.8,17,0.65,0.12,0.411214953271028,1.2158602650499597,1.0114313386241396,0.14545108378592328,21.5957977648756,68.0,20.0,48.0,29.41176470588235,10756.369999999999,10634.8,121.56999999999971,1124.94,502.0,17.383100272200007,1.3582314088759286,1.3537462066632535,13.704562978394705,44.0,14.0,30.0,31.818181818181817,6590.75,4852.45,1738.3000000000002,738.61,209.0
9,-0.11391482303070279,True,34,2.9000000000000004,0.5,5,0.05,0.14,0.6074766355140186,17.494192218399785,1.0784965308734982,0.5389453341484133,25.209944857413923,123.0,40.0,83.0,32.520325203252035,24036.010000000002,22286.590000000004,1749.4199999999983,2300.67,342.0,20.06512598649995,1.2821684713823653,1.2925562911819153,20.32417378720121,65.0,21.0,44.0,32.30769230769231,9117.5,7111.0,2006.5,1066.75,146.0
99,-0.12891213839252122,True,50,2.2,1.1,9,0.8500000000000001,0.0,0.6728971962616822,2.233367573099895,1.0105841093812946,0.20128290484221167,29.988882797509408,149.0,47.0,102.0,31.543624161073826,21323.83000000001,21100.5,223.33000000000902,2252.78,316.0,27.876345677250104,1.3008816126344331,1.4448210102579448,15.137997445217904,72.0,25.0,47.0,34.72222222222222,12052.460000000001,9264.84,2787.620000000001,1282.15,127.0
86,-0.13720916973294983,True,45,2.4,1.5,16,0.45,0.05,0.4953271028037383,-16.099328083150375,0.9144798000133866,-0.3187977967768317,30.836196413029672,126.0,36.0,90.0,28.571428571428573,17215.320000000003,18825.26,-1609.939999999995,1907.35,369.0,19.75939887939987,1.3180469777376451,1.3145641353110047,17.736811785466248,53.0,19.0,34.0,35.84905660377358,8188.67,6212.7300000000005,1975.9399999999996,846.13,176.0
16,-0.16471872207894744,True,43,2.3,0.0,17,0.75,0.0,0.6915887850467289,12.999462960199908,1.0612908366684142,0.4449294499866597,26.339754486942574,155.0,51.0,104.0,32.903225806451616,22508.789999999997,21208.88,1299.9099999999962,2442.64,303.0,21.177041737800117,1.239963105610191,1.1691613399971394,16.152819898552963,74.0,25.0,49.0,33.78378378378378,10942.910000000002,8825.19,2117.720000000001,1238.15,115.0
0,-10.0,True,25,3.0,4.4,13,0.25,0.07,0.037383177570093455,17.05438471790001,1.5627590348723635,0.8804180754271838,14.510187485873102,15.0,6.0,9.0,40.0,4735.91,3030.48,1705.4299999999998,175.64000000000001,684.0,17.343110194300024,5.891994809883786,1.9656822447667321,4.705179969171853,4.0,3.0,1.0,75.0,2088.83,354.52,1734.31,60.95,312.0
1,-10.0,True,12,2.8,3.6,15,0.0,0.44,,5.557446058549958,1.5327868852459015,0.4678785036094102,10.162303814926249,5.0,2.0,3.0,40.0,1598.85,1043.1000000000001,555.7499999999998,52.0,712.0,,,,,,,,,,,,,
2,-10.0,True,44,1.8,1.1,5,0.5,0.24,0.2336448598130841,7.289152318250017,1.0700062233729914,0.33999252459339663,22.155714386688746,58.0,17.0,41.0,29.310344827586206,11141.29,10412.36,728.9300000000003,999.49,550.0,5.943581447849956,1.1989149606246505,0.6336005611263162,13.338281395003124,25.0,7.0,18.0,28.0,3582.25,2987.9100000000003,594.3399999999997,395.01,251.0
3,-10.0,True,27,1.9,3.7,4,0.45,0.16,,6.871494320000002,1.3044181297042028,0.4579029264778842,14.510201881995933,11.0,4.0,7.0,36.36363636363637,2944.45,2257.29,687.1599999999999,121.09,705.0,,,,,,,,,,,,,
4,-10.0,True,28,2.7,1.2000000000000002,11,0.9500000000000001,0.02,0.32710280373831774,45.188580398300054,1.3597551461034827,1.2833094467640018,19.44715130418445,71.0,28.0,43.0,39.436619718309856,17079.83,12560.96,4518.870000000003,1385.85,530.0,41.98770531640008,1.9803431255807875,2.523146307394067,10.786232654602907,35.0,15.0,20.0,42.857142857142854,8481.77,4282.98,4198.790000000001,661.4,235.0
5,-10.0,True,34,1.7,0.30000000000000004,20,1.55,0.37,,-1.3223511976000009,0.0,-0.5205684381563889,2.3742694942523004,1.0,0.0,1.0,0.0,0.0,132.24,-132.24,15.69,720.0,,,,,,,,,,,,,
6,-10.0,True,22,1.6,4.1000000000000005,10,0.2,0.22,,1.1673646951000045,1.1854517148802999,0.16677429018388512,6.054047176238283,3.0,1.0,2.0,33.333333333333336,746.23,629.49,116.74000000000001,25.89,719.0,,,,,,,,,,,,,
7,-10.0,True,11,2.9000000000000004,1.5,14,0.5,0.23,0.2523364485981308,55.5235735132497,1.2186537773144932,1.1977660999171198,25.831649305950734,93.0,34.0,59.0,36.55913978494624,30945.969999999998,25393.570000000003,5552.399999999994,2075.96,463.0,20.759611318399983,1.5002253006619262,1.3246630558637142,15.166445312145127,27.0,10.0,17.0,37.03703703703704,6225.949999999999,4150.009999999999,2075.9399999999996,427.96999999999997,233.0
8,-10.0,True,32,1.7,5.9,16,1.55,0.41000000000000003,,,,,,,,,,,,,,,,,,,,,,,,,,,
10,-10.0,True,49,2.3,2.6,2,1.05,0.33,,,,,,,,,,,,,,,,,,,,,,,,,,,
11,-10.0,True,39,3.0,5.800000000000001,8,0.0,0.05,0.028037383177570093,11.895037737749972,1.3696927126877614,0.6067538173070499,16.870255928609655,17.0,6.0,11.0,35.294117647058826,4407.0,3217.5100000000007,1189.4899999999993,207.22,682.0,-1.9404440626500037,0.685565673915157,-0.20979208745755204,11.136293583120459,3.0,1.0,2.0,33.333333333333336,423.09,617.14,-194.05,42.98,314.0
12,-10.0,True,21,2.5,4.800000000000001,8,0.30000000000000004,0.1,,-4.9384934780499865,0.5943070730304773,-0.42996927034746063,8.928369666412934,5.0,1.0,4.0,20.0,723.45,1217.3000000000002,-493.85000000000014,38.19,715.0,,,,,,,,,,,,,
13,-10.0,True,20,2.6,2.3000000000000003,20,0.75,0.12,0.06542056074766354,-21.831086015600086,0.6409364458282141,-0.9140802608757586,27.010164286980242,28.0,6.0,22.0,21.428571428571427,3896.9,6080.01,-2183.11,337.75,663.0,3.7443276542999775,1.3464153876044298,0.5235189615244145,12.475536451318716,7.0,2.0,5.0,28.571428571428573,1455.3000000000002,1080.8700000000001,374.43000000000006,104.68,298.0
17,-10.0,True,38,2.1,1.9000000000000001,9,0.30000000000000004,0.0,0.35514018691588783,28.38780827584969,1.1274108105026979,0.738351937216626,23.208408928616056,117.0,37.0,80.0,31.623931623931625,25119.129999999997,22280.370000000003,2838.7599999999948,2040.99,408.0,15.754887502099955,1.2825025104002292,1.0082456971485392,18.01425155327131,38.0,13.0,25.0,34.21052631578947,7152.26,5576.800000000001,1575.4599999999991,625.6,212.0
19,-10.0,True,49,2.4,0.8,7,0.1,0.18,0.34579439252336447,6.787255062049844,1.0777677074727903,0.3309905845572281,19.250818991799505,59.0,17.0,42.0,28.8135593220339,9406.25,8727.529999999999,678.7200000000012,940.57,534.0,21.339299558099956,1.509320298440491,1.6811698631566023,15.656426224837796,37.0,13.0,24.0,35.13513513513514,6323.72,4189.78,2133.9400000000005,643.83,232.0
20,-10.0,True,44,2.1,1.9000000000000001,2,0.7000000000000001,0.08,0.27102803738317754,-6.1420513097001095,0.9589515704855515,-0.054204506974700896,33.907233378702564,81.0,23.0,58.0,28.395061728395063,14348.38,14962.570000000002,-614.1900000000023,1313.48,507.0,1.794161208099904,1.0443135366109693,0.251340053207592,18.040762430124683,29.0,9.0,20.0,31.03448275862069,4228.06,4048.6499999999996,179.41000000000076,461.01,250.0
25,-10.0,True,47,2.5,1.6,10,0.6000000000000001,0.11,0.2803738317757009,-2.3585385389999463,0.9789221432758151,0.02798989199331102,20.264274844248877,69.0,20.0,49.0,28.985507246376812,10955.939999999999,11191.84,-235.90000000000146,1117.84,518.0,19.560633626349937,1.6003689232780771,1.6048993914711425,10.422721114535245,30.0,11.0,19.0,36.666666666666664,5214.210000000001,3258.1299999999997,1956.0800000000013,487.4,243.0
26,-10.0,True,46,2.7,2.8000000000000003,18,1.0,0.16,0.028037383177570093,-0.7517794246999984,0.902423196230872,-0.052644449605970416,7.212770535790182,4.0,1.0,3.0,25.0,695.29,770.47,-75.18000000000006,57.37,709.0,0.6166572050999639,1.1902631660136365,0.2549387609570845,2.4288026010992705,3.0,1.0,2.0,33.333333333333336,385.8,324.13,61.670000000000016,47.25,316.0
28,-10.0,True,50,2.2,1.2000000000000002,14,0.6000000000000001,0.27,0.08411214953271028,10.593839030850049,1.4764813298910646,0.7164076940625319,14.206365446600753,17.0,7.0,10.0,41.1764705882353,3282.72,2223.34,1059.3799999999997,282.88,662.0,7.305551536449966,1.7187579937427442,0.9609189864515641,7.480437927680598,9.0,3.0,6.0,33.333333333333336,1746.98,1016.42,730.5600000000001,150.35,299.0
29,-10.0,True,42,2.4,2.1,13,0.30000000000000004,0.07,0.24299065420560748,-13.291693541700262,0.9093341191461378,-0.29165596008834893,33.97378653458527,82.0,23.0,59.0,28.048780487804876,13330.819999999998,14659.98,-1329.1600000000017,1248.45,501.0,4.174140954099948,1.1169651438771309,0.46711914899716367,15.468888632742178,26.0,8.0,18.0,30.76923076923077,3986.0800000000004,3568.6699999999996,417.41000000000076,416.19,246.0
30,-10.0,True,46,2.4,3.0,13,1.3,0.2,,,,,,,,,,,,,,,,,,,,,,,,,,,
35,-10.0,True,50,2.8,1.3,15,0.25,0.14,0.308411214953271,5.678165757899787,1.0628899821247808,0.2950928666968805,18.59715133609776,60.0,18.0,42.0,30.0,9597.11,9029.260000000002,567.8499999999985,954.4399999999999,533.0,21.179778207799956,1.5704293820916182,1.7074785724154975,15.56179856040399,33.0,11.0,22.0,33.333333333333336,5831.0199999999995,3713.01,2118.0099999999993,557.4399999999999,241.0
36,-10.0,True,41,1.9,1.7000000000000002,16,0.9,0.04,0.17757009345794392,-16.80946693210011,0.7958025189259578,-0.6012348525941407,26.792659817304564,53.0,13.0,40.0,24.528301886792452,6551.109999999999,8232.08,-1680.9700000000012,699.1,591.0,-1.8381868598000073,0.9420263344634551,-0.06318922013392228,13.932159464115342,19.0,5.0,14.0,26.31578947368421,2986.9300000000003,3170.75,-183.8199999999997,310.8,269.0
38,-10.0,True,16,2.8,0.4,18,1.1500000000000001,0.13,0.17757009345794392,8.163112386699959,1.0925483998598768,0.37156294603793966,22.943948309097724,53.0,19.0,34.0,35.84905660377358,9637.140000000001,8820.789999999999,816.3500000000022,848.66,576.0,39.283424852549885,3.98515912337761,3.5723042677389834,6.871321179404003,19.0,11.0,8.0,57.89473684210526,5244.3099999999995,1315.96,3928.3499999999995,343.25,263.0
39,-10.0,True,13,2.7,1.1,14,0.8,0.27,0.27102803738317754,18.10199603029976,1.092062789733731,0.5784871172716153,37.585427752509254,82.0,28.0,54.0,34.146341463414636,21472.629999999997,19662.45,1810.1799999999967,1707.58,502.0,26.895777630599916,1.688910689220618,1.7469360856438496,9.556824838756256,29.0,11.0,18.0,37.93103448275862,6593.709999999999,3904.12,2689.5899999999992,471.56,237.0
40,-10.0,True,26,2.9000000000000004,2.3000000000000003,16,0.8500000000000001,0.17,0.06542056074766354,3.7003542926998674,1.0660528086858883,0.2352788408746457,18.96349388197695,28.0,9.0,19.0,32.142857142857146,5971.74,5601.73,370.0100000000002,391.15,663.0,11.845887900750004,2.508378536684748,1.5665886222763148,8.098815284164623,7.0,3.0,4.0,42.857142857142854,1969.93,785.34,1184.5900000000001,112.19,301.0
46,-10.0,True,44,1.5,1.0,12,1.1,0.45,,,,,,,,,,,,,,,3.939256717999979,99.0,2.654201616835348,0.07166139628847544,1.0,1.0,0.0,100.0,393.93,0.0,393.93,15.95,318.0
48,-10.0,True,28,2.5,0.30000000000000004,13,1.2000000000000002,0.09,0.102803738317757,42.241718318850054,2.0014271591709196,1.6865152757639124,14.713636722854703,25.0,13.0,12.0,52.0,8442.359999999999,4218.17,4224.189999999999,475.2,653.0,18.783484298400037,2.756327900735879,1.9670485290859763,5.444965430733908,11.0,5.0,6.0,45.45454545454545,2947.8100000000004,1069.47,1878.3400000000004,175.02,291.0
49,-10.0,True,36,2.0,1.8,17,0.7000000000000001,0.06,0.2336448598130841,3.7097670798999567,1.0377611615185893,0.22813633659182572,21.270051958755996,60.0,18.0,42.0,30.0,10195.36,9824.380000000001,370.97999999999956,850.26,561.0,9.515965408750034,1.260118688035251,0.7926133827661815,14.398290767418947,25.0,8.0,17.0,32.0,4609.93,3658.33,951.6000000000004,396.12,258.0
50,-10.0,True,10,2.4,5.300000000000001,9,0.2,0.13,,-6.0257190230000015,0.0,-1.2187059407703384,8.191468397284057,2.0,0.0,2.0,0.0,0.0,602.5699999999999,-602.5699999999999,11.76,720.0,,,,,,,,,,,,,
52,-10.0,True,49,2.6,0.8,16,1.4500000000000002,0.03,0.04672897196261682,-1.8664536652499557,0.8610461740049732,-0.1514110026874926,10.099782228368984,8.0,2.0,6.0,25.0,1156.54,1343.18,-186.6400000000001,105.71000000000001,711.0,4.043390368400014,1.5701192859761426,0.6045084227633439,7.558886290881996,5.0,2.0,3.0,40.0,1113.56,709.22,404.3399999999999,82.32000000000001,307.0
53,-10.0,True,46,2.3,1.1,11,0.9,0.06,0.3364485981308411,-11.106814981350071,0.879543904208605,-0.35601569746757383,23.68152372015145,64.0,18.0,46.0,28.125,8110.16,9220.87,-1110.710000000001,928.13,545.0,30.676537410800048,1.8336571725170594,2.4102634671704886,9.411852851527067,36.0,14.0,22.0,38.888888888888886,6747.510000000001,3679.8100000000004,3067.7000000000007,633.13,231.0
56,-10.0,True,32,2.6,0.5,17,0.7000000000000001,0.15,0.34579439252336447,-4.114502045750141,0.9527176329859663,-0.04337598208288025,25.23017390050488,63.0,19.0,44.0,30.158730158730158,8291.13,8702.609999999999,-411.47999999999956,871.01,516.0,18.502848819999983,1.4512462198809872,1.4605479792041234,10.46011747478202,37.0,12.0,25.0,32.432432432432435,5950.6900000000005,4100.400000000001,1850.29,596.35,226.0
57,-10.0,True,42,2.4,1.6,12,0.25,0.11,0.32710280373831774,20.92170297549979,1.1073154267400656,0.65185064254968,35.21815490430604,87.0,29.0,58.0,33.333333333333336,21587.379999999997,19495.24,2092.139999999996,1844.27,459.0,10.6683071598499,1.2428566225346473,0.9279367670956613,16.827955954373213,35.0,11.0,24.0,31.428571428571427,5459.72,4392.879999999999,1066.840000000001,579.16,233.0
58,-10.0,True,50,2.7,2.1,11,0.1,0.2,0.09345794392523364,-4.353675391150009,0.9093657098603511,-0.12176814109483443,22.541239790466044,24.0,7.0,17.0,29.166666666666668,4368.12,4803.4800000000005,-435.3600000000006,364.54,658.0,3.8256770785499614,1.2822707384917327,0.5083583676092006,8.936254171704054,10.0,3.0,7.0,30.0,1737.8999999999999,1355.33,382.56999999999994,154.75,294.0
59,-10.0,True,19,2.3,0.9,8,0.8,0.42,0.18691588785046728,26.382458030749877,1.2458150945435504,0.8598126820770097,23.11142524278587,52.0,19.0,33.0,36.53846153846154,13370.860000000002,10732.62,2638.2400000000016,947.46,580.0,39.66639638845003,2.462296459867065,2.4692654793385107,9.031551303469335,20.0,10.0,10.0,50.0,6679.25,2712.61,3966.64,348.89,270.0
60,-10.0,True,45,3.0,1.3,13,0.45,0.12,0.34579439252336447,-19.49119193499999,0.8099719513277054,-0.6423956908362262,29.11628565162169,73.0,19.0,54.0,26.027397260273972,8308.02,10257.17,-1949.1499999999996,1046.33,493.0,29.93739148780003,1.7466318840001394,2.1009926245396766,15.767659213150411,37.0,14.0,23.0,37.83783783783784,7003.4,4009.6600000000003,2993.7399999999993,625.27,226.0
68,-10.0,True,45,2.4,0.5,11,0.05,0.36,0.09345794392523364,1.2413140289999864,1.038277703769489,0.13260134650052696,14.385141002502925,19.0,6.0,13.0,31.57894736842105,3367.01,3242.8799999999997,124.13000000000056,284.43,661.0,12.133141407450003,2.1512652883073504,1.5717176871336065,6.623645303386287,10.0,4.0,6.0,40.0,2267.24,1053.91,1213.3299999999997,166.54,294.0
70,-10.0,True,23,2.3,3.8000000000000003,10,0.45,0.18,,-3.9087191823499783,0.7932679593369512,-0.2416678869862042,14.510201881995933,8.0,2.0,6.0,25.0,1499.8,1890.6599999999999,-390.8599999999999,73.58,705.0,,,,,,,,,,,,,
90,-10.0,True,50,2.2,1.2000000000000002,9,0.75,0.16,0.24299065420560748,6.523696536850075,1.1032040573547468,0.3606180817420771,14.361528051509682,43.0,13.0,30.0,30.232558139534884,6973.750000000001,6321.359999999999,652.3900000000021,692.41,590.0,27.423375798249943,2.083324445076498,2.232832155548301,9.009183415524769,26.0,10.0,16.0,38.46153846153846,5273.79,2531.4300000000003,2742.3599999999997,441.33,258.0
92,-10.0,True,49,2.9000000000000004,0.4,10,0.8,0.08,0.3644859813084112,-12.835991919850057,0.8709227503416456,-0.3823403405595574,20.055147310770078,73.0,20.0,53.0,27.397260273972602,8660.9,9944.510000000002,-1283.6100000000024,1046.12,524.0,20.51851687544995,1.4964061150478665,1.622494357219773,10.807190642052978,39.0,14.0,25.0,35.8974358974359,6185.260000000001,4133.41,2051.8500000000013,661.23,209.0
93,-10.0,True,49,2.3,0.7000000000000001,11,0.8500000000000001,0.09,0.35514018691588783,-13.631911956000023,0.8502087728551335,-0.4637107789439668,22.83570352605105,66.0,17.0,49.0,25.757575757575758,7737.579999999999,9100.8,-1363.2200000000003,967.29,547.0,26.575227689949987,1.696557472439335,2.1169082313731318,7.36425114333948,38.0,15.0,23.0,39.473684210526315,6472.74,3815.22,2657.52,658.99,222.0
97,-10.0,True,50,2.3,4.7,8,0.7000000000000001,0.04,0.028037383177570093,22.42686112779993,1.6643954116699056,1.0470424353577774,10.359034033494458,18.0,7.0,11.0,38.888888888888886,5618.2,3375.52,2242.68,248.2,675.0,2.519242818149978,1.5146791427462358,0.4695490375252479,4.621259857549994,3.0,1.0,2.0,33.333333333333336,741.39,489.46999999999997,251.92000000000002,46.69,309.0
104,-10.0,True,48,2.4,0.30000000000000004,10,0.9500000000000001,0.04,0.3644859813084112,-8.089934003700035,0.9191814144925797,-0.215899067839598,26.209478287633576,69.0,20.0,49.0,28.985507246376812,9200.96,10009.95,-808.9900000000016,1018.05,547.0,41.33087636959999,1.9621279488241952,2.787677200818473,9.643238768213791,39.0,17.0,22.0,43.58974358974359,8428.87,4295.78,4133.090000000001,756.05,224.0
120,-10.0,True,46,1.7,1.0,9,0.6000000000000001,0.29,0.17757009345794392,-1.227454062650031,0.9770842007195493,0.028315378843009432,16.860754513921155,35.0,11.0,24.0,31.428571428571427,5233.389999999999,5356.13,-122.74000000000069,512.71,613.0,7.005343174949975,1.3048363373686913,0.7660301096022487,10.572129533931756,19.0,5.0,14.0,26.31578947368421,2998.54,2298.02,700.52,299.21,271.0
126,-10.0,True,49,2.2,0.9,10,0.7000000000000001,0.11,0.37383177570093457,-11.102749318500065,0.9001842994821635,-0.29820911031415104,19.731322421323224,82.0,23.0,59.0,28.048780487804876,10012.93,11123.199999999999,-1110.2699999999986,1229.28,483.0,35.84828971675,1.8413506447176335,2.3802990607337056,8.380859429079246,40.0,16.0,24.0,40.0,7845.59,4260.780000000001,3584.8099999999995,690.47,209.0
129,-10.0,True,49,2.4,1.1,6,0.9,0.09,0.3364485981308411,-8.6972856203001,0.9097065486189118,-0.23766002774730222,21.444329988382496,68.0,18.0,50.0,26.470588235294116,8762.53,9632.260000000002,-869.7300000000014,1021.16,537.0,21.277199167149973,1.560905268430279,1.7226194558970407,9.630041195752911,36.0,13.0,23.0,36.111111111111114,5921.059999999999,3793.3499999999995,2127.709999999999,592.97,232.0
130,-10.0,True,21,2.5,1.5,7,0.9500000000000001,0.06,0.22429906542056074,7.607687577899778,1.0679174199308112,0.34604904830108324,25.466427090904293,55.0,18.0,37.0,32.72727272727273,11962.01,11201.25,760.7600000000002,949.87,578.0,15.678797692750033,1.4707268742306419,1.2454954792669155,12.49809060047055,24.0,9.0,15.0,37.5,4898.55,3330.7000000000007,1567.8499999999995,392.51,267.0
138,-10.0,True,48,2.3,6.0,11,0.8500000000000001,0.02,0.009345794392523364,9.333641056300003,2.5748924322956213,1.002878114579496,5.279581329347667,4.0,2.0,2.0,50.0,1526.01,592.65,933.36,46.53,708.0,7.646746462000029,99.0,1.401396147950396,3.9289004192400645,1.0,1.0,0.0,100.0,764.67,0.0,764.67,15.19,317.0
140,-10.0,True,49,2.3,0.8,12,0.9,0.06,0.2897196261682243,8.582814878799963,1.0933099663410941,0.4000056124782994,20.174405631930615,64.0,20.0,44.0,31.25,10056.439999999999,9198.16,858.2799999999988,1024.88,544.0,32.231915022150076,2.2311847055902523,2.8210927162149506,6.949806093858745,31.0,14.0,17.0,45.16129032258065,5841.13,2617.95,3223.1800000000003,546.8,233.0
