trial,score,enabled,length,std,min_bandwidth_pct,expansion_lookback,expansion_min_ratio,min_mid_distance,tr_on_return_pct,tr_on_pf,tr_on_sharpe,tr_on_max_dd,tr_on_trades,tr_on_wins,tr_on_losses,tr_on_win_rate,tr_on_gross_profit,tr_on_gross_loss,tr_on_net_pnl,tr_on_fees,tr_on_blocked,tr_on_head_dropped,va_on_return_pct,va_on_pf,va_on_sharpe,va_on_max_dd,va_on_trades,va_on_wins,va_on_losses,va_on_win_rate,va_on_gross_profit,va_on_gross_loss,va_on_net_pnl,va_on_fees,va_on_blocked,va_on_head_dropped,c_gate_shortfall,c_valid_trade_ratio,c_reason,c_va_pf,c_va_netpnl,c_va_dd,c_tr_pf,c_tr_netpnl,c_tr_dd
42,0.2510975523397246,True,30,2.4,0.30000000000000004,11,0.5,0.06,134.9321622192997,1.5197714323574834,1.8428483429198441,21.07557588978712,100.0,32.0,68.0,32.0,39453.16,25959.93,13493.230000000003,2691.68,57.0,0.0,105.23929932394995,2.420160072546789,3.281769042552457,12.751933245354966,42.0,16.0,26.0,38.095238095238095,17934.33,7410.39,10523.940000000002,903.64,23.0,0.0,,0.8235294117647058,,0.11778883878161076,0.03401926600608396,0.008971212255956153,0.030363744135704987,0.041008246259078666,0.01894624490129007
103,0.21116910440922404,True,13,2.5,0.1,16,0.45,0.13,158.44066413669958,1.5979195866344535,2.0453937092538266,23.38870718576376,99.0,32.0,67.0,32.323232323232325,42342.6,26498.58,15844.019999999997,2720.2599999999998,66.0,0.0,98.36533552145004,2.1915847263291655,3.1188189000719566,12.050886627083111,49.0,18.0,31.0,36.734693877551024,18091.51,8254.99,9836.519999999999,1027.83,11.0,0.0,,0.9607843137254902,,0.04635904308860336,0.018733211178908676,0.016724370371252503,0.0450165230626369,0.07428569541123706,0.010050261296585554
105,0.20772315052657264,True,12,2.4,0.30000000000000004,17,0.5,0.13,165.49721565759964,1.6192144561147246,2.1032339850640223,23.388362519320694,98.0,32.0,66.0,32.6530612244898,43276.68,26726.96,16549.72,2764.84,69.0,0.0,95.54143466305001,2.163809159533557,3.059230490043681,12.274293798817373,48.0,17.0,31.0,35.416666666666664,17763.51,8209.37,9554.139999999998,999.68,19.0,0.0,,0.9411764705882353,,0.03767917846497576,0.012453969722306092,0.014253620093879057,0.04900931109018772,0.08427548431908438,0.01005158683613964
149,0.18754585353674677,True,12,2.5,0.1,17,0.5,0.1,151.66383771284964,1.5613751310311337,1.98424985336611,23.388626788492456,101.0,32.0,69.0,31.683168316831683,42182.86,27016.48,15166.380000000001,2775.6,60.0,0.0,97.86182245885003,2.1800857855698395,3.109011813731425,12.273871249688211,49.0,18.0,31.0,36.734693877551024,18078.949999999997,8292.77,9786.179999999997,1026.97,13.0,0.0,,0.9607843137254902,,0.04276562410131399,0.017613808193834006,0.01425829323561384,0.03816443763701442,0.06469311987557946,0.010050570493391042
24,0.18725709496591933,True,30,2.4,0.0,12,0.35000000000000003,0.05,138.11479483784976,1.5045637654014525,1.8458518855631907,21.56004331526432,105.0,33.0,72.0,31.428571428571427,41184.770000000004,27373.23,13811.540000000005,2830.45,37.0,0.0,100.03293651985008,2.253579354845177,3.1472684442812624,12.751744148352188,46.0,17.0,29.0,36.95652173913044,17983.089999999997,7979.790000000001,10003.299999999996,986.56,12.0,0.0,,0.9019607843137255,,0.06573236449985698,0.022441872876380723,0.008973303556197043,0.02751230658144921,0.04551419738173259,0.017083050070302797
145,0.16883079047201793,True,11,2.4,0.0,18,0.4,0.11,139.85300986594956,1.512441763109827,1.894956466206174,23.388673523160367,105.0,32.0,73.0,30.476190476190474,41276.880000000005,27291.550000000003,13985.330000000002,2840.47,43.0,0.0,98.36533552145004,2.1915847263291655,3.1188189000719566,12.050886627083111,49.0,18.0,31.0,36.734693877551024,18091.51,8254.99,9836.519999999999,1027.83,8.0,0.0,,0.9607843137254902,,0.04635904308860336,0.018733211178908676,0.016724370371252503,0.028989431151769426,0.04797434392317335,0.010050390758310618
127,0.16247501250911017,True,15,2.6,0.30000000000000004,19,0.5,0.11,147.4438586846996,1.5557071920551018,1.9515031795619329,23.030757714811617,98.0,31.0,67.0,31.632653061224488,41277.189999999995,26532.749999999996,14744.439999999999,2687.75,83.0,0.0,93.64632524119999,2.1648721265797595,3.0347219393279836,12.751609904977594,46.0,16.0,30.0,34.78260869565217,17403.840000000004,8039.200000000001,9364.640000000003,961.72,25.0,0.0,,0.9019607843137255,,0.03801135566691399,0.008240086812658979,0.008974788207976302,0.03710169907900844,0.05872019720053753,0.01142688554201493
85,0.15030071142485021,True,12,2.4,0.0,18,0.45,0.1,129.07228263769966,1.4876611404131845,1.7970669059937991,23.030402822533055,103.0,31.0,72.0,30.097087378640776,39374.82000000001,26467.600000000002,12907.220000000005,2676.82,50.0,0.0,98.36533552145004,2.1915847263291655,3.1188189000719566,12.050886627083111,49.0,18.0,31.0,36.734693877551024,18091.51,8254.99,9836.519999999999,1027.83,10.0,0.0,,0.9607843137254902,,0.04635904308860336,0.018733211178908676,0.016724370371252503,0.02434306439614896,0.03271277198121619,0.011428250408720517
90,0.15029164132940667,True,11,2.5,0.1,20,0.45,0.11,143.04349636654976,1.5446185511744592,1.9287322267709328,23.44890005336877,101.0,31.0,70.0,30.693069306930692,40569.19,26264.859999999997,14304.330000000005,2708.56,55.0,0.0,94.25015388405001,2.153330698322689,3.0352937566431772,12.751807536459564,48.0,17.0,31.0,35.416666666666664,17597.039999999997,8172.009999999999,9425.029999999999,995.7,13.0,0.0,,0.9411764705882353,,0.03440465933657946,0.009582970131464143,0.00897260252147794,0.035022578913887964,0.0524900625877664,0.009818767838230767
92,0.1496929948289425,True,10,2.4,0.0,18,0.5,0.11,132.1084082043498,1.4833823393813967,1.8301593830032683,24.097305359254364,106.0,32.0,74.0,30.18867924528302,40540.78,27329.96,13210.82,2800.0,49.0,0.0,98.36533552145004,2.1915847263291655,3.1188189000719566,12.050886627083111,49.0,18.0,31.0,36.734693877551024,18091.51,8254.99,9836.519999999999,1027.83,11.0,0.0,,0.9607843137254902,,0.04635904308860336,0.018733211178908676,0.016724370371252503,0.023540789202688747,0.03701049043441496,0.007325090553074229
121,0.14826542043151475,True,12,2.5,0.5,18,0.45,0.1,141.33304070389966,1.5345841344217162,1.9003133440155229,23.02993081505971,99.0,31.0,68.0,31.31313131313131,40571.31999999999,26437.99,14133.32999999999,2652.91,65.0,0.0,90.95174714785004,2.154122978101894,2.963860777658798,12.050861502084073,46.0,16.0,30.0,34.78260869565217,16975.760000000002,7880.59,9095.170000000002,942.79,24.0,0.0,,0.9019607843137255,,0.03465224676758097,0.0022479230782914603,0.01672464823877958,0.033141125772748636,0.05006941088981823,0.01143006568429587
101,0.14791970064576604,True,14,2.5,0.4,18,0.4,0.12,146.37568803709956,1.5526307642471886,1.9539978116503849,23.030763770316863,99.0,31.0,68.0,31.31313131313131,41124.5,26486.98,14637.52,2697.62,61.0,0.0,91.9749867855501,2.136894762800046,2.9854788690743432,12.752070917421584,47.0,16.0,31.0,34.04255319148936,17287.5,8090.01,9197.49,968.79,18.0,0.0,,0.9215686274509803,,0.02926842948575356,0.004523197481009645,0.008969689684884945,0.03652486886502472,0.05720665287571536,0.011426862253377803
131,0.14405916246575812,True,13,2.6,0.2,19,0.5,0.09,139.84639763579966,1.52906279934445,1.8895803607517365,23.1341673292164,100.0,31.0,69.0,31.0,40417.350000000006,26432.76,13984.590000000007,2666.63,63.0,0.0,94.25015388405001,2.153330698322689,3.0352937566431772,12.751807536459564,48.0,17.0,31.0,35.416666666666664,17597.039999999997,8172.009999999999,9425.029999999999,995.7,16.0,0.0,,0.9411764705882353,,0.03440465933657946,0.009582970131464143,0.00897260252147794,0.03210587544576125,0.04796386858834021,0.01102918644213511
89,0.13429266543364932,True,12,2.5,0.1,18,0.45,0.08,122.33604192029956,1.4531426522543398,1.7356560283091937,23.03048135708063,105.0,31.0,74.0,29.523809523809526,39230.87,26997.260000000002,12233.61,2729.4,45.0,0.0,98.36533552145004,2.1915847263291655,3.1188189000719566,12.050886627083111,49.0,18.0,31.0,36.734693877551024,18091.51,8254.99,9836.519999999999,1027.83,10.0,0.0,,0.9607843137254902,,0.04635904308860336,0.018733211178908676,0.016724370371252503,0.017870847866365572,0.0231772445528259,0.011427948375693314
130,0.13386024712788472,True,13,2.6,0.30000000000000004,19,0.5,0.09,139.84639763579966,1.52906279934445,1.8895803607517365,23.1341673292164,100.0,31.0,69.0,31.0,40417.350000000006,26432.76,13984.590000000007,2666.63,63.0,0.0,91.9749867855501,2.136894762800046,2.9854788690743432,12.752070917421584,47.0,16.0,31.0,34.04255319148936,17287.5,8090.01,9197.49,968.79,19.0,0.0,,0.9215686274509803,,0.02926842948575356,0.004523197481009645,0.008969689684884945,0.03210587544576125,0.04796386858834021,0.01102918644213511
122,0.13241384401328063,True,15,2.5,0.1,18,0.4,0.1,137.34972232664967,1.5078843519907232,1.862723732221604,24.210739947235176,105.0,32.0,73.0,30.476190476190474,40778.380000000005,27043.44,13734.940000000006,2783.38,50.0,0.0,94.25015388405001,2.153330698322689,3.0352937566431772,12.751807536459564,48.0,17.0,31.0,35.416666666666664,17597.039999999997,8172.009999999999,9425.029999999999,995.7,13.0,0.0,,0.9411764705882353,,0.03440465933657946,0.009582970131464143,0.00897260252147794,0.028134916566937465,0.04442985866791499,0.006888836788906615
71,0.1303963935793608,True,16,2.4,0.0,18,0.45,0.07,137.6018806238995,1.4952038688623233,1.864548317339564,24.21014708524025,105.0,32.0,73.0,30.476190476190474,41547.2,27786.98,13760.219999999998,2865.85,56.0,0.0,94.25015388405001,2.153330698322689,3.0352937566431772,12.751807536459564,48.0,17.0,31.0,35.416666666666664,17597.039999999997,8172.009999999999,9425.029999999999,995.7,16.0,0.0,,0.9411764705882353,,0.03440465933657946,0.009582970131464143,0.00897260252147794,0.02575732598036247,0.04478771875519045,0.006891116854286335
41,0.12854352241058803,True,26,2.3,0.30000000000000004,15,0.45,0.03,139.17757732089956,1.471685541616621,1.855716828665232,23.21267783186329,107.0,33.0,74.0,30.8411214953271,43424.259999999995,29506.48,13917.779999999995,3064.46,43.0,0.0,92.29521117249998,2.184716000256723,2.849921894206638,13.562910310874884,46.0,16.0,30.0,34.78260869565217,17020.030000000002,7790.500000000001,9229.530000000002,933.33,16.0,0.0,,0.9019607843137255,,0.044212566190965086,0.005235666127052435,2.2888591718286384e-06,0.0213476396217933,0.047018115723194406,0.010727245888410963
97,0.12484044653822783,True,11,2.4,0.4,18,0.45,0.08,125.59719312409958,1.4548855405846872,1.7614402209236455,24.09678971368125,106.0,32.0,74.0,30.18867924528302,40170.35,27610.66,12559.689999999999,2774.68,49.0,0.0,96.03839280595002,2.175212493361495,3.0690631124680494,12.051260042708577,48.0,17.0,31.0,35.416666666666664,17775.88,8172.0199999999995,9603.86,1000.49,16.0,0.0,,0.9411764705882353,,0.04124272028620632,0.01355958586092178,0.016720240616808924,0.018197639428305712,0.02779318669122864,0.007327073654756451
113,0.12428573598487345,True,12,2.5,0.5,18,0.45,0.09,130.1437138977497,1.4911818931501115,1.8065512385031564,23.030468283736894,102.0,31.0,71.0,30.392156862745097,39510.43,26496.049999999992,13014.380000000008,2661.63,58.0,0.0,90.95174714785004,2.154122978101894,2.963860777658798,12.050861502084073,46.0,16.0,30.0,34.78260869565217,16975.760000000002,7880.59,9095.170000000002,942.79,24.0,0.0,,0.9019607843137255,,0.03465224676758097,0.0022479230782914603,0.01672464823877958,0.025003205534322767,0.0342297137119303,0.011427998653968372
140,0.12221492867540722,True,15,2.5,0.4,19,0.4,0.1,137.34972232664967,1.5078843519907232,1.862723732221604,24.210739947235176,105.0,32.0,73.0,30.476190476190474,40778.380000000005,27043.44,13734.940000000006,2783.38,53.0,0.0,91.9749867855501,2.136894762800046,2.9854788690743432,12.752070917421584,47.0,16.0,31.0,34.04255319148936,17287.5,8090.01,9197.49,968.79,21.0,0.0,,0.9215686274509803,,0.02926842948575356,0.004523197481009645,0.008969689684884945,0.028134916566937465,0.04442985866791499,0.006888836788906615
72,0.11892125023221672,True,15,2.3,0.0,18,0.4,0.06,131.60182754259964,1.4793169296507909,1.8143819961069447,24.210587830835735,107.0,32.0,75.0,29.906542056074766,40616.17,27456.029999999995,13160.140000000003,2838.16,36.0,0.0,94.25015388405001,2.153330698322689,3.0352937566431772,12.751807536459564,48.0,17.0,31.0,35.416666666666664,17597.039999999997,8172.009999999999,9425.029999999999,995.7,10.0,0.0,,0.9411764705882353,,0.03440465933657946,0.009582970131464143,0.00897260252147794,0.022778524878200146,0.036293071556917925,0.006889421807577102
74,0.11056271643637416,True,15,2.0,0.4,18,0.45,0.1,126.62786572939974,1.4670873221647895,1.7751880898591625,24.210815802698114,104.0,31.0,73.0,29.807692307692307,39772.84,27110.07,12662.769999999997,2745.5,67.0,0.0,93.5578546353001,2.1613968402144588,3.0215161151769667,12.75218996309916,46.0,16.0,30.0,34.78260869565217,17411.37,8055.610000000001,9355.759999999998,958.59,25.0,0.0,,0.9019607843137255,,0.036925328677757524,0.008042623592407332,0.008968373110584262,0.020485473474574897,0.029252372521781107,0.006888545059269044
126,0.10962332640158262,True,14,2.4,0.0,18,0.30000000000000004,0.12,150.64382676969961,1.5359898782025554,1.9660938068130314,22.629599561162326,104.0,33.0,71.0,31.73076923076923,43170.04,28105.680000000004,15064.359999999997,2906.39,41.0,0.0,89.94063670900003,2.0432357884456347,2.775766911792333,13.56311727131065,51.0,18.0,33.0,35.294117647058826,17615.410000000003,8621.33,8994.080000000004,1047.96,8.0,0.0,,1.0,,0.0,0.0,0.0,0.033404702731655994,0.06324893925438262,0.012969684415544018
138,0.10451232851861332,True,12,2.5,0.2,19,0.45,0.08,122.05078146064952,1.452489031681146,1.7333299226866923,23.133734961544945,105.0,31.0,74.0,29.523809523809526,39178.189999999995,26973.140000000003,12205.049999999992,2722.84,47.0,0.0,94.25015388405001,2.153330698322689,3.0352937566431772,12.751807536459564,48.0,17.0,31.0,35.416666666666664,17597.039999999997,8172.009999999999,9425.029999999999,995.7,12.0,0.0,,0.9411764705882353,,0.03440465933657946,0.009582970131464143,0.00897260252147794,0.017748294008891746,0.02277295325169482,0.011030849268505212
83,0.10325512106025483,True,16,2.4,0.30000000000000004,18,0.4,0.09,133.55315618429958,1.4899062356364743,1.8309529564937568,24.210587830835735,106.0,32.0,74.0,30.18867924528302,40616.17,27260.889999999996,13355.280000000002,2803.07,51.0,0.0,91.49738414850006,2.1075913128004373,2.951628276018199,12.751603740410955,47.0,16.0,31.0,34.04255319148936,17410.58,8260.89,9149.690000000002,987.05,17.0,0.0,,0.9215686274509803,,0.02011110136087582,0.003460276092718737,0.00897485638441224,0.024764019750515787,0.03905544566415514,0.006889421807577102
119,0.10083137826350254,True,11,2.5,0.0,17,0.45,0.09,114.11341611599943,1.4033960473950604,1.6576097920387765,26.279131907972115,110.0,32.0,78.0,29.09090909090909,39699.520000000004,28288.180000000004,11411.34,2859.71,40.0,0.0,98.36533552145004,2.1915847263291655,3.1188189000719566,12.050886627083111,49.0,18.0,31.0,36.734693877551024,18091.51,8254.99,9836.519999999999,1027.83,8.0,0.0,,0.9607843137254902,,0.04635904308860336,0.018733211178908676,0.016724370371252503,0.008543359455250685,0.01153730729158803,-0.0010659131221007132
44,0.0989319109180872,True,26,2.6,0.30000000000000004,17,0.30000000000000004,0.07,131.68661369754972,1.4705815087444831,1.7924718122384353,22.629298518702996,104.0,32.0,72.0,30.76923076923077,41152.65,27983.93,13168.720000000001,2822.41,42.0,0.0,91.57601374725007,2.1224982349134125,2.8239881423776576,13.56311727131065,48.0,17.0,31.0,35.416666666666664,17315.85,8158.24,9157.609999999999,983.1,10.0,0.0,,0.9411764705882353,,0.024769514521180563,0.0036363919378078723,0.0,0.021140633458267444,0.03641452881755177,0.012970842183279544
137,0.0967817894565204,True,14,2.6,0.4,20,0.4,0.12,159.77995169484979,1.5932313452286453,2.0561399870479997,22.490620350278782,99.0,32.0,67.0,32.323232323232325,42911.87,26933.86,15978.010000000002,2779.51,61.0,0.0,79.6252578591001,1.9980771810019469,2.579676825060203,13.562377618513096,47.0,15.0,32.0,31.914893617021278,15940.400000000003,7977.870000000001,7962.5300000000025,914.56,21.0,0.0,,0.9215686274509803,,-0.014112064826152446,-0.022938421717396348,8.180119467652984e-06,0.04413747779904785,0.07618243880894503,0.013504179272608658
120,0.09024801409479198,True,12,2.6,0.30000000000000004,19,0.5,0.07,120.0309037088995,1.4460724816172237,1.7158032269484336,23.134539923828783,106.0,31.0,75.0,29.245283018867923,38911.41,26908.34,12003.070000000003,2722.6,54.0,0.0,91.9749867855501,2.136894762800046,2.9854788690743432,12.752070917421584,47.0,16.0,31.0,34.04255319148936,17287.5,8090.01,9197.49,968.79,15.0,0.0,,0.9215686274509803,,0.02926842948575356,0.004523197481009645,0.008969689684884945,0.0165451908719063,0.019913753076539833,0.0110277534946977
95,0.09008889911924267,True,11,2.3,0.1,20,0.5,0.1,119.3089354984495,1.4398300676581106,1.7102188338738609,25.25773750407127,105.0,31.0,74.0,29.523809523809526,39056.96,27126.09,11930.869999999999,2705.24,57.0,0.0,94.25015388405001,2.153330698322689,3.0352937566431772,12.751807536459564,48.0,17.0,31.0,35.416666666666664,17597.039999999997,8172.009999999999,9425.029999999999,995.7,13.0,0.0,,0.9411764705882353,,0.03440465933657946,0.009582970131464143,0.00897260252147794,0.015374738254572598,0.018891700137406185,0.0028622287377423495
141,0.08647692399785213,True,14,2.5,0.1,18,0.45,0.06,119.32305091634954,1.4357171600321048,1.7105672247397854,26.001592782436163,106.0,31.0,75.0,29.245283018867923,39317.659999999996,27385.379999999997,11932.279999999999,2759.0099999999998,46.0,0.0,94.25015388405001,2.153330698322689,3.0352937566431772,12.751807536459564,48.0,17.0,31.0,35.416666666666664,17597.039999999997,8172.009999999999,9425.029999999999,995.7,12.0,0.0,,0.9411764705882353,,0.03440465933657946,0.009582970131464143,0.00897260252147794,0.01460356807469651,0.01891165989702084,1.464036613235914e-06
61,0.07815428621852724,True,18,2.4,0.0,12,0.35000000000000003,0.05,115.86134133409989,1.3936209607390426,1.6509975140090705,26.30402503891635,113.0,33.0,80.0,29.20353982300885,41021.01,29434.84,11586.170000000002,3023.0,22.0,0.0,96.11056030195003,2.133314545066488,3.0451258143402544,12.050886627083111,50.0,18.0,32.0,36.0,18091.51,8480.47,9611.039999999999,1057.49,4.0,0.0,,0.9803921568627451,,0.02814961144401662,0.013719246437656665,0.016724370371252503,0.00671053070724735,0.014012175925226902,-0.0011616486668727978
147,0.07667717843805934,True,10,2.4,0.30000000000000004,20,0.4,0.12,131.33645668319954,1.4989277776068297,1.829672669659473,25.257635851529304,103.0,31.0,72.0,30.097087378640776,39457.52,26323.83,13133.689999999995,2677.98,43.0,0.0,89.86690448510002,2.0803634435774048,2.794550680220461,13.562910310874884,49.0,17.0,32.0,34.69387755102041,17304.9,8318.21,8986.690000000002,992.04,12.0,0.0,,0.9607843137254902,,0.011602392228678149,-0.00016433031505170588,2.2888591718286384e-06,0.02645555886995743,0.035918649115919424,0.0028626196793842115
63,0.0708120414581111,True,19,2.4,0.2,9,0.35000000000000003,0.04,112.16392127759973,1.3823795824039236,1.6176798938615127,26.30400766822075,114.0,33.0,81.0,28.94736842105263,40549.520000000004,29333.13,11216.390000000003,3006.06,19.0,0.0,96.11056030195003,2.133314545066488,3.0451258143402544,12.050886627083111,50.0,18.0,32.0,36.0,18091.51,8480.47,9611.039999999999,1057.49,3.0,0.0,,0.9803921568627451,,0.02814961144401662,0.013719246437656665,0.016724370371252503,0.004602772269412525,0.008777622797348561,-0.0011615818615757767
123,0.06793410003010081,True,17,2.5,0.2,18,0.4,0.13,138.34722949579975,1.5638305199550226,1.8855928291622133,22.054427926372092,98.0,31.0,67.0,31.632653061224488,38371.59999999999,24536.929999999997,13834.669999999995,2495.61,70.0,0.0,81.35208209059998,2.025999233202339,2.7354506501351143,14.216816043206826,47.0,16.0,31.0,34.04255319148936,16064.31,7929.079999999999,8135.2300000000005,949.03,19.0,0.0,,0.9215686274509803,,-0.005386423513529942,-0.019098117873089918,-0.007229519130667443,0.038624823060243604,0.04584162237456015,0.01518171511258435
98,0.05491786530624035,True,10,2.4,0.7000000000000001,17,0.5,0.07,119.12610905594954,1.4520604347647896,1.7178778429054709,24.089881271651343,99.0,30.0,69.0,30.303030303030305,38264.29,26351.719999999998,11912.570000000003,2546.4,73.0,0.0,85.77990001120008,2.15797353045995,2.8602127714297216,14.95011519989537,42.0,14.0,28.0,33.333333333333336,15985.749999999996,7407.759999999999,8577.989999999998,845.44,31.0,0.0,,0.8235294117647058,,0.0358555443794735,-0.009252530553430822,-0.01533937111402734,0.017667932087074914,0.018632647938152162,0.0073536425689979396
82,0.05416795185466309,True,19,2.2,0.1,9,0.30000000000000004,0.07,121.6951954373997,1.4369459875568014,1.7071451763200358,24.613043471223012,108.0,32.0,76.0,29.62962962962963,40020.899999999994,27851.36,12169.539999999994,2839.69,27.0,0.0,91.64223572200008,2.0686360366012218,2.812265749766525,13.56311727131065,50.0,18.0,32.0,36.0,17739.94,8575.67,9164.269999999999,1038.04,4.0,0.0,,0.9803921568627451,,0.007937577548620955,0.0037844893529965264,0.0,0.014833973235577114,0.022270278738278863,0.005341632979189632
27,0.05174181506068294,True,16,2.5,0.0,18,0.4,0.04,114.8617284976998,1.4109679813116685,1.6668602771304561,26.30478112119124,111.0,32.0,79.0,28.82882882882883,39435.130000000005,27948.989999999998,11486.140000000007,2855.09,37.0,0.0,92.04217480755,2.096680372842945,2.9621508721002354,12.751807536459564,49.0,17.0,32.0,34.69387755102041,17597.039999999997,8392.81,9204.229999999998,1024.74,11.0,0.0,,0.9607843137254902,,0.01670143262415949,0.004673073844128451,0.00897260252147794,0.009963097064614693,0.012596165461216823,-0.0011645564549144572
31,0.04731576271116769,True,17,2.4,0.0,17,0.55,0.05,104.58159924809978,1.4410108580925025,1.5979965704676071,25.639555635879617,98.0,29.0,69.0,29.591836734693878,34172.28999999999,23714.11,10458.179999999993,2367.9,81.0,0.0,86.71157512090002,2.1408000610452422,2.9175354553266164,12.751693583049212,45.0,16.0,29.0,35.55555555555556,16272.05,7600.919999999999,8671.130000000001,912.99,24.0,0.0,,0.8823529411764706,,0.030488835187377356,-0.007181390425702293,0.008973862778335631,0.015596136461021079,-0.0019554902079213354,0.0013938089180572512
25,0.04193206201766602,True,18,2.4,0.0,12,0.4,0.05,126.89269004879986,1.439518117859607,1.7497417713975496,26.30430264690615,110.0,33.0,77.0,30.0,41560.27,28870.96,12689.309999999998,2977.67,33.0,0.0,83.57227878335,2.0291127518828107,2.7929216342898155,12.050849510694444,49.0,17.0,32.0,34.69387755102041,16478.100000000002,8120.839999999999,8357.260000000002,993.34,5.0,0.0,,0.9607843137254902,,-0.004413448925882496,-0.01416087026132748,0.01672478085640784,0.015316247667353178,0.02962806898998895,-0.0011627163088739686
108,0.03353720942790328,True,10,2.4,0.30000000000000004,17,0.35000000000000003,0.14,139.59213228479962,1.4950341365433364,1.8701513120932778,26.59988462984008,103.0,32.0,71.0,31.067961165048544,42157.75,28198.52,13959.23,2877.52,39.0,0.0,81.34276860290008,1.9844114005777498,2.595386644210168,13.562377618513096,49.0,16.0,33.0,32.6530612244898,16397.37,8263.09,8134.279999999999,971.6899999999999,13.0,0.0,,0.9607843137254902,,-0.018382621208714034,-0.01911924287976101,8.180119467652984e-06,0.02572550117055243,0.0476048760324339,-0.0022994838060756634
62,0.03303213574224325,True,14,2.6,0.5,11,0.55,0.06,148.9223665103495,1.537750377975007,1.9365206548961609,22.708627992391467,100.0,32.0,68.0,32.0,42585.89,27693.630000000005,14892.259999999995,2807.58,54.0,0.0,72.85106698975007,1.9765275333334227,2.568452440392845,14.949531286729261,44.0,14.0,30.0,31.818181818181817,14745.35,7460.2300000000005,7285.12,848.96,24.0,0.0,,0.8627450980392157,,-0.020846329722566254,-0.03800188568480608,-0.015332913382138404,0.033734796438990675,0.06081271611276361,0.012665751979999704
78,0.029792084705605938,True,16,1.9,0.4,15,0.45,0.08,140.76924764164954,1.5076031080250747,1.8916275775335718,23.52658646857247,103.0,32.0,71.0,31.067961165048544,41808.97,27732.07999999999,14076.89000000001,2836.44,61.0,0.0,73.04790425965005,1.9520756571187265,2.5517243532124905,12.751949393650863,45.0,14.0,31.0,31.11111111111111,14977.32,7672.509999999999,7304.81,880.13,22.0,0.0,,0.8823529411764706,,-0.028487541039658795,-0.03756404212548704,0.008971033665420063,0.028082183323378362,0.04927045427091684,0.009519996611036507
76,0.024038675917096776,True,15,2.1,0.5,18,0.5,0.1,123.53811328269964,1.4835926704480955,1.754055966537099,23.526520140929897,99.0,30.0,69.0,30.303030303030305,37899.71000000001,25545.9,12353.810000000005,2549.01,85.0,0.0,80.82817024809997,2.0485538784855772,2.741967925690578,14.950095667650992,44.0,14.0,30.0,31.818181818181817,15791.38,7708.550000000002,8082.829999999997,876.41,32.0,0.0,,0.8627450980392157,,0.0016619031374820459,-0.02026332876736711,-0.01533915509903623,0.023580226277694766,0.024878778670330903,0.009520251697992406
40,0.0030869547640141526,True,25,2.3,0.7000000000000001,15,0.4,0.02,107.76076555844955,1.3827280240572835,1.58093374648545,23.94476465915666,109.0,31.0,78.0,28.440366972477065,38932.26999999999,28156.129999999994,10776.139999999996,2822.86,49.0,0.0,82.72428843905011,2.056039165374133,2.6470960415974316,13.562414776209966,46.0,15.0,31.0,32.608695652173914,16105.880000000001,7833.45,8272.43,913.23,26.0,0.0,,0.9019607843137255,,0.004001055290155653,-0.01604722217280707,7.769177468188468e-06,0.004668105079417506,0.002545506364473648,0.007911741025306228
67,0.0010039297473706191,True,17,2.2,0.6000000000000001,11,0.1,0.08,140.55416688054945,1.5066929732792973,1.8649407775719662,23.94450557732419,101.0,32.0,69.0,31.683168316831683,41794.97,27739.54,14055.43,2774.72,54.0,0.0,74.70371820990003,1.9326259728391548,2.4556677688309034,14.950115846600317,45.0,14.0,31.0,31.11111111111111,15480.449999999999,8010.0599999999995,7470.389999999999,886.29,24.0,0.0,,0.8823529411764706,,-0.03456556737702496,-0.033882064646967865,-0.015339378266198935,0.0279115330585451,0.04896666956075318,0.007912737418264098
32,0.0008221231134258869,True,15,2.7,0.0,16,0.55,0.0,107.40133656059956,1.4004467516546253,1.6091033217981439,25.05040286871203,105.0,30.0,75.0,28.571428571428573,37560.35999999999,26820.269999999997,10740.089999999997,2698.68,56.0,0.0,81.36925049115001,2.034354939173986,2.7703419995594536,12.751873471132308,47.0,16.0,31.0,34.04255319148936,16003.66,7866.700000000001,8136.959999999999,934.73,13.0,0.0,,0.9215686274509803,,-0.0027752653973901753,-0.0190596481240995,0.008971873323262387,0.0079903665039191,0.0020351876878010027,0.0036596091199330725
64,0.0,True,20,2.3,0.2,8,0.2,0.01,105.96278874169984,1.3578314636337234,1.5581886439421055,26.001973460847793,116.0,33.0,83.0,28.448275862068964,40208.92,29612.6,10596.32,3033.09,4.0,0.0,89.94063670900003,2.0432357884456347,2.775766911792333,13.56311727131065,51.0,18.0,33.0,35.294117647058826,17615.410000000003,8621.33,8994.080000000004,1047.96,0.0,0.0,,1.0,,0.0,0.0,0.0,0.0,0.0,0.0
69,0.0,True,18,2.5,0.2,12,0.25,0.0,105.96278874169984,1.3578314636337234,1.5581886439421055,26.001973460847793,116.0,33.0,83.0,28.448275862068964,40208.92,29612.6,10596.32,3033.09,0.0,0.0,89.94063670900003,2.0432357884456347,2.775766911792333,13.56311727131065,51.0,18.0,33.0,35.294117647058826,17615.410000000003,8621.33,8994.080000000004,1047.96,0.0,0.0,,1.0,,0.0,0.0,0.0,0.0,0.0,0.0
81,-0.003599924391259237,True,18,1.6,0.30000000000000004,19,0.35000000000000003,0.03,125.06803977119947,1.43233389529182,1.7313788815455708,25.33396771388039,110.0,33.0,77.0,30.0,41435.399999999994,28928.59,12506.809999999994,2971.02,26.0,0.0,79.04798672830009,1.9697368211210466,2.5492130432020255,13.562414776209966,47.0,15.0,32.0,31.914893617021278,16056.29,8151.49,7904.800000000001,931.73,20.0,0.0,,0.9215686274509803,,-0.022968427288933765,-0.024222155017522683,7.769177468188468e-06,0.013969205935893125,0.02704462492638946,0.0025690578754464367
48,-0.007444291703941992,True,24,2.5,0.30000000000000004,11,0.15000000000000002,0.02,113.60107282934968,1.3901515424705286,1.6278919327804229,24.614111607300433,114.0,33.0,81.0,28.94736842105263,40477.39,29117.25,11360.14,3000.83,7.0,0.0,83.81728620070007,1.9919066429668617,2.64951469469319,13.562910310874884,49.0,16.0,33.0,32.6530612244898,16831.89,8450.140000000001,8381.749999999998,989.18,3.0,0.0,,0.9607843137254902,,-0.016040357962116558,-0.013616289826196901,2.2888591718286384e-06,0.006060014781900977,0.010812527367991901,0.00533752507530676
115,-0.01278135479534926,True,10,2.5,0.30000000000000004,19,0.35000000000000003,0.08,106.54384231579952,1.3729854470131038,1.5856339457505129,27.73045543993878,112.0,32.0,80.0,28.571428571428573,39219.700000000004,28565.27,10654.430000000004,2874.2599999999998,26.0,0.0,87.7088601811,2.027757173942848,2.728965530007145,13.562910310874884,50.0,17.0,33.0,34.0,17304.9,8534.009999999998,8770.890000000003,1020.43,7.0,0.0,,0.9803921568627451,,-0.004837067032120862,-0.004963042356750227,2.2888591718286384e-06,0.002841371883633814,0.0008225969015658864,-0.0066475030508497
36,-0.019895545583141258,True,10,2.2,0.30000000000000004,17,0.6000000000000001,0.01,83.15091296749976,1.3440770158629012,1.3671432711467268,24.61331179321038,107.0,29.0,78.0,27.102803738317757,32481.570000000003,24166.449999999997,8315.120000000006,2410.48,47.0,0.0,83.50565166010004,2.066362657724326,2.815002439477259,12.051535093257757,47.0,16.0,31.0,34.04255319148936,16181.5,7830.91,8350.59,939.0,14.0,0.0,,0.9215686274509803,,0.00722714664959101,-0.014309190045007454,0.01671719872153134,-0.0025789589570291704,-0.032292343002098746,0.005340601049871763
100,-0.02083578108410733,True,11,2.3,0.5,15,0.55,0.05,106.6858492264996,1.3919476697729014,1.5828119620356276,23.87978833404232,103.0,30.0,73.0,29.12621359223301,37888.049999999996,27219.449999999997,10668.599999999999,2652.44,58.0,0.0,75.03744023565007,2.0040409122292457,2.622384465942393,12.751949393650863,44.0,14.0,30.0,31.818181818181817,14977.32,7473.5599999999995,7503.76,853.96,23.0,0.0,,0.8627450980392157,,-0.012248398817621547,-0.03314002099158564,0.008971033665420063,0.006396788651095872,0.0010231854077641883,0.008161631000819732
33,-0.028853190644882103,True,17,2.3,0.5,20,0.45,0.03,109.4016614618997,1.4235417047358598,1.6386285736504596,25.63957939042333,105.0,31.0,74.0,29.523809523809526,36770.310000000005,25830.159999999993,10940.150000000012,2626.41,61.0,0.0,78.99705367325012,1.9692919868613334,2.5560609169831308,13.562414776209966,47.0,15.0,32.0,31.914893617021278,16049.710000000001,8149.990000000001,7899.72,935.15,29.0,0.0,,0.9215686274509803,,-0.02310743799509414,-0.024335118211090027,7.769177468188468e-06,0.012320670206650577,0.004867208615821521,0.0013937175613617783
35,-1.0034013605442178,True,19,2.7,0.5,15,0.4,0.1,138.8633916703495,1.5653386063284902,1.8879491594532403,21.36250490971357,97.0,31.0,66.0,31.95876288659794,38449.240000000005,24562.89,13886.350000000006,2481.32,67.0,0.0,74.57407421865003,1.985539557411604,2.5793865392537465,14.216319043969824,44.0,14.0,30.0,31.818181818181817,15024.279999999997,7566.850000000001,7457.429999999996,866.98,26.0,0.0,0.010204081632653073,0.8627450980392157,,,,,,,
53,-1.0034013605442178,True,21,2.1,0.6000000000000001,9,0.5,0.07,137.64842949984964,1.5418687137092808,1.8797658718445327,21.363682524270686,97.0,30.0,67.0,30.927835051546392,39167.32000000001,25402.5,13764.820000000007,2515.05,78.0,0.0,68.41761569335006,1.9047832526647093,2.441913807752088,15.165800300490009,43.0,13.0,30.0,30.232558139534884,14403.59,7561.800000000001,6841.789999999999,834.24,28.0,0.0,0.010204081632653073,0.8431372549019608,,,,,,,
144,-1.0034013605442178,True,12,2.4,0.30000000000000004,11,0.45,0.14,162.78879785344958,1.6110820606281289,2.050578852317202,23.38801198611257,97.0,32.0,65.0,32.98969072164948,42918.340000000004,26639.449999999997,16278.890000000007,2723.7,52.0,0.0,89.86690448510002,2.0803634435774048,2.794550680220461,13.562910310874884,49.0,17.0,32.0,34.69387755102041,17304.9,8318.21,8986.690000000002,992.04,13.0,0.0,0.010204081632653073,0.9607843137254902,,,,,,,
54,-1.0068027210884354,True,24,2.5,0.2,19,0.30000000000000004,0.11,124.92239537404959,1.50996270466306,1.7501526712455262,22.62984499050255,96.0,30.0,66.0,31.25,36988.59,24496.36,12492.229999999996,2428.86,61.0,0.0,68.39574744880011,1.914043633690822,2.4228877340460167,16.916649248084305,49.0,16.0,33.0,32.6530612244898,14322.31,7482.750000000001,6839.559999999999,900.7,14.0,0.0,0.020408163265306145,0.9607843137254902,,,,,,,
93,-1.0068027210884354,True,10,2.4,0.0,19,0.55,0.14,140.12136578404963,1.5572634174471556,1.916445710695817,24.40761842640382,96.0,30.0,66.0,31.25,39156.61,25144.5,14012.11,2548.82,72.0,0.0,85.45991144375013,2.090873581675936,2.8436461995772184,12.752027671805976,46.0,15.0,31.0,32.608695652173914,16380.050000000001,7834.070000000001,8545.98,921.82,19.0,0.0,0.020408163265306145,0.9019607843137255,,,,,,,
94,-1.0068027210884354,True,12,2.5,0.5,18,0.45,0.12,155.6384294918997,1.5969550510643016,2.02620837086104,23.030340797432842,96.0,31.0,65.0,32.291666666666664,41635.86,26072.03,15563.830000000002,2642.43,72.0,0.0,90.95174714785004,2.154122978101894,2.963860777658798,12.050861502084073,46.0,16.0,30.0,34.78260869565217,16975.760000000002,7880.59,9095.170000000002,942.79,26.0,0.0,0.020408163265306145,0.9019607843137255,,,,,,,
125,-1.0068027210884354,True,15,2.6,0.5,17,0.4,0.14,144.27629539764965,1.5860445581071905,1.9427966454667591,21.36250490971357,96.0,31.0,65.0,32.291666666666664,39046.26,24618.64,14427.620000000003,2497.21,74.0,0.0,74.57407421865003,1.985539557411604,2.5793865392537465,14.216319043969824,44.0,14.0,30.0,31.818181818181817,15024.279999999997,7566.850000000001,7457.429999999996,866.98,26.0,0.0,0.020408163265306145,0.8627450980392157,,,,,,,
139,-1.0068027210884354,True,13,2.7,0.0,18,0.5,0.09,138.30016809639955,1.554271961974459,1.8817259675076512,23.030566257746113,96.0,30.0,66.0,31.25,38781.65000000001,24951.65,13830.000000000007,2516.5,68.0,0.0,94.25015388405001,2.153330698322689,3.0352937566431772,12.751807536459564,48.0,17.0,31.0,35.416666666666664,17597.039999999997,8172.009999999999,9425.029999999999,995.7,13.0,0.0,0.020408163265306145,0.9411764705882353,,,,,,,
143,-1.0068027210884354,True,16,2.6,0.2,17,0.55,0.07,141.5114055286498,1.5539252296939292,1.9204270411301145,24.210523451285685,96.0,30.0,66.0,31.25,39698.19,25547.040000000005,14151.149999999998,2616.57,89.0,0.0,81.32091557095006,2.0339316637042573,2.7795061553530442,12.751610985438086,47.0,16.0,31.0,34.04255319148936,15997.32,7865.22,8132.099999999999,938.43,24.0,0.0,0.020408163265306145,0.9215686274509803,,,,,,,
26,-1.010204081632653,True,16,2.4,0.0,18,0.6000000000000001,0.05,120.02227735639967,1.5067495220531113,1.7479091938807723,25.639121715638108,95.0,29.0,66.0,30.526315789473685,35686.82,23684.64,12002.18,2395.21,92.0,0.0,84.14917553570005,2.1369884854331676,2.876463769933586,12.751822938321094,44.0,15.0,29.0,34.09090909090909,15815.979999999998,7401.0599999999995,8414.919999999998,868.87,31.0,0.0,0.030612244897959218,0.8627450980392157,,,,,,,
79,-1.010204081632653,True,13,1.8,0.1,20,0.65,0.06,91.34711848809951,1.4219840873509548,1.4974428783242217,24.1109840954108,95.0,28.0,67.0,29.473684210526315,30781.59,21646.929999999997,9134.660000000003,2131.94,94.0,0.0,76.4748113740501,2.0359896719517083,2.659398643101776,12.051013121479851,44.0,14.0,30.0,31.818181818181817,15029.35,7381.84,7647.51,858.53,35.0,0.0,0.030612244897959218,0.8627450980392157,,,,,,,
111,-1.010204081632653,True,11,2.4,0.4,18,0.45,0.18,160.53953222679957,1.6321837632046727,2.0678520341266404,23.031071532479668,95.0,31.0,64.0,32.63157894736842,41448.36,25394.42,16053.940000000002,2584.43,78.0,0.0,91.08977758895001,2.157947191186921,2.9669773900006415,12.051490200182323,46.0,16.0,30.0,34.78260869565217,16975.47,7866.49,9108.980000000001,942.41,22.0,0.0,0.030612244897959218,0.9019607843137255,,,,,,,
91,-1.0136054421768708,True,11,2.5,0.1,20,0.45,0.16,153.81424377189973,1.6065687808998534,2.018557754138479,23.03060890181682,94.0,30.0,64.0,31.914893617021278,40739.579999999994,25358.129999999997,15381.449999999997,2569.47,72.0,0.0,87.66207875300009,2.1077791720531613,2.8936454287595326,12.751953195442113,47.0,16.0,31.0,34.04255319148936,16679.510000000002,7913.31,8766.2,947.78,18.0,0.0,0.04081632653061229,0.9215686274509803,,,,,,,
107,-1.0170068027210883,True,12,2.6,0.6000000000000001,16,0.5,0.12,148.02850627634953,1.5780053697438825,1.9786105712498923,24.09044886681355,93.0,30.0,63.0,32.25806451612903,40412.969999999994,25610.160000000003,14802.80999999999,2544.42,87.0,0.0,75.03744023565007,2.0040409122292457,2.622384465942393,12.751949393650863,44.0,14.0,30.0,31.818181818181817,14977.32,7473.5599999999995,7503.76,853.96,30.0,0.0,0.05102040816326525,0.8627450980392157,,,,,,,
117,-1.0170068027210883,True,14,2.4,0.4,3,0.25,0.2,131.23483298909974,1.5498572932134254,1.8164536593668894,23.37914424946912,93.0,29.0,64.0,31.182795698924732,36990.63000000001,23867.120000000003,13123.51000000001,2397.86,66.0,0.0,72.1755700849001,1.941714181334238,2.410293288487633,16.916182210410273,44.0,14.0,30.0,31.818181818181817,14881.880000000001,7664.3,7217.580000000001,861.01,23.0,0.0,0.05102040816326525,0.8627450980392157,,,,,,,
129,-1.0170068027210883,True,16,2.7,0.1,19,0.55,0.1,121.22871506399962,1.5402032767220124,1.7542909171720544,22.284409879197188,93.0,29.0,64.0,31.182795698924732,34564.21,22441.33,12122.879999999997,2247.2,95.0,0.0,83.13973212915006,2.0805068555461697,2.8151007322286254,14.216431057460866,45.0,15.0,30.0,33.333333333333336,16008.460000000001,7694.499999999999,8313.960000000003,905.03,30.0,0.0,0.05102040816326525,0.8823529411764706,,,,,,,
124,-1.0204081632653061,True,32,2.5,0.1,10,0.35000000000000003,0.1,136.73767197789962,1.6109431645656715,1.8704238481230229,21.558537313735997,92.0,29.0,63.0,31.52173913043478,36055.26,22381.460000000003,13673.8,2260.09,83.0,0.0,96.39103961700009,2.2328153916792535,3.0854082771775144,14.949959063270951,44.0,16.0,28.0,36.36363636363637,17457.87,7818.77,9639.099999999999,944.0,22.0,0.0,0.061224489795918324,0.8627450980392157,,,,,,,
99,-1.0238095238095237,True,12,2.4,0.2,20,0.65,0.08,103.50964941404963,1.485943184965752,1.6273860694258209,21.37172918698926,91.0,28.0,63.0,30.76923076923077,31651.63,21300.700000000004,10350.929999999997,2106.82,98.0,0.0,78.28060934660014,2.0503415453602565,2.707470296390052,12.75193187134573,44.0,14.0,30.0,31.818181818181817,15280.970000000001,7452.889999999999,7828.080000000002,877.61,34.0,0.0,0.0714285714285714,0.8627450980392157,,,,,,,
128,-1.0238095238095237,True,15,2.7,0.7000000000000001,20,0.5,0.11,122.88651714179957,1.5318066389007177,1.7676714342140674,23.030394079948014,91.0,29.0,62.0,31.86813186813187,35396.13,23107.44,12288.689999999999,2239.73,100.0,0.0,70.71164558120006,1.971614775486313,2.5185074035204154,14.950071677249285,42.0,13.0,29.0,30.952380952380953,14348.880000000001,7277.729999999999,7071.150000000002,810.33,39.0,0.0,0.0714285714285714,0.8235294117647058,,,,,,,
133,-1.0238095238095237,True,13,2.6,0.5,19,0.55,0.11,156.82925579229968,1.634540447000113,2.036432132327026,22.205639033272092,91.0,30.0,61.0,32.967032967032964,40398.37,24715.43,15682.940000000002,2492.58,90.0,0.0,86.99056894855006,2.1151600303049336,2.8797666659304113,12.75159385569161,45.0,15.0,30.0,33.333333333333336,16499.75,7800.71,8699.04,911.92,31.0,0.0,0.0714285714285714,0.8823529411764706,,,,,,,
104,-1.0272108843537415,True,13,2.5,0.2,16,0.55,0.17,157.6733726252997,1.678877325504045,2.0687681861719187,21.26747952837886,90.0,30.0,60.0,33.333333333333336,38992.950000000004,23225.61,15767.340000000004,2422.39,95.0,0.0,78.78481889325,2.0448758841027943,2.715373607474768,12.751733633321926,44.0,15.0,29.0,34.09090909090909,15418.630000000003,7540.13,7878.500000000003,872.7,25.0,0.0,0.08163265306122447,0.8627450980392157,,,,,,,
84,-1.030612244897959,True,16,2.3,0.4,17,0.6000000000000001,0.09,171.5934534372496,1.7122127893067434,2.1600016442952303,22.543648924266897,89.0,30.0,59.0,33.70786516853933,41252.240000000005,24092.94,17159.300000000007,2479.19,105.0,0.0,87.72099369280004,2.1806929560327446,2.9435979549460822,12.751558898055995,42.0,15.0,27.0,35.714285714285715,16201.720000000001,7429.62,8772.100000000002,864.0600000000001,42.0,0.0,0.09183673469387754,0.8235294117647058,,,,,,,
80,-1.036281179138322,True,39,2.1,0.7000000000000001,16,0.2,0.12,110.20530006779966,1.5032963811051325,1.6811125051158786,21.559676704895136,92.0,27.0,65.0,29.347826086956523,32917.29,21896.74,11020.55,2146.02,110.0,0.0,83.8418218678001,2.1485834840265223,2.825045139270358,12.751888106478527,40.0,14.0,26.0,35.0,15683.800000000001,7299.599999999999,8384.2,832.12,48.0,0.0,0.108843537414966,0.7843137254901961,,,,,,,
96,-1.0374149659863945,True,13,2.5,0.0,19,0.6000000000000001,0.11,173.2566300310496,1.698026184321638,2.1628321125501238,21.37139307027459,87.0,30.0,57.0,34.48275862068966,42146.64,24820.96,17325.68,2496.67,99.0,0.0,82.19233759995015,2.044453198464941,2.7783813861372098,12.752027671805976,46.0,15.0,31.0,32.608695652173914,16088.62,7869.399999999999,8219.220000000001,920.86,29.0,0.0,0.11224489795918369,0.9019607843137255,,,,,,,
110,-1.0374149659863945,True,30,2.6,0.2,15,0.30000000000000004,0.11,138.91342539429968,1.6401583787560117,1.8940842330121213,20.284658669118297,87.0,28.0,59.0,32.18390804597701,35591.240000000005,21699.88,13891.360000000004,2131.85,84.0,0.0,83.80732607800007,2.129415680762435,2.8178726902220603,14.949752146020648,43.0,15.0,28.0,34.883720930232556,15801.179999999998,7420.43,8380.749999999998,881.13,20.0,0.0,0.11224489795918369,0.8431372549019608,,,,,,,
142,-1.0385487528344672,True,17,2.5,0.0,18,0.6000000000000001,0.08,91.6137511974997,1.4617774197905973,1.5247012174405294,23.52706642038904,89.0,27.0,62.0,30.337078651685392,29000.67,19839.320000000003,9161.349999999995,1964.34,115.0,0.0,82.20249433670004,2.153427690649814,2.8382116358214766,13.956426004820422,41.0,14.0,27.0,34.146341463414636,15347.07,7126.8099999999995,8220.26,809.71,37.0,0.0,0.11564625850340138,0.803921568627451,,,,,,,
135,-1.0408163265306123,True,13,2.5,0.2,20,0.65,0.1,120.60313009579964,1.571757989557906,1.7962329132261938,21.371049429845698,86.0,28.0,58.0,32.55813953488372,33153.83,21093.47,12060.36,2090.97,110.0,0.0,76.4748113740501,2.0359896719517083,2.659398643101776,12.051013121479851,44.0,14.0,30.0,31.818181818181817,15029.35,7381.84,7647.51,858.53,35.0,0.0,0.12244897959183676,0.8627450980392157,,,,,,,
86,-1.0442176870748299,True,12,2.5,0.6000000000000001,18,0.55,0.13,163.7015690625496,1.708225157294198,2.1166720489941264,21.362967359630307,85.0,29.0,56.0,34.11764705882353,39484.48,23114.33,16370.150000000001,2314.9,101.0,0.0,86.51702249990012,2.104052800361394,2.869819673144507,12.75159385569161,45.0,15.0,30.0,33.333333333333336,16488.01,7836.310000000001,8651.699999999997,911.12,33.0,0.0,0.13265306122448983,0.8823529411764706,,,,,,,
43,-1.0464852607709751,True,30,2.2,0.4,10,0.55,0.11,115.5831007528997,1.5399618141056095,1.709344735226081,20.264276405579995,89.0,27.0,62.0,30.337078651685392,32964.13,21405.81,11558.319999999996,2136.13,92.0,0.0,103.67033207929992,2.462256073909517,3.2659323748845304,14.95010756225168,40.0,15.0,25.0,37.5,17456.78,7089.75,10367.029999999999,860.84,38.0,0.0,0.1394557823129252,0.7843137254901961,,,,,,,
106,-1.0476190476190477,True,13,2.5,0.1,17,0.6000000000000001,0.15,188.18372907424956,1.8231743458536498,2.2979171509910405,21.362967359630307,84.0,30.0,54.0,35.714285714285715,41679.06,22860.710000000003,18818.349999999995,2336.63,107.0,0.0,73.16463049620012,1.970016970275502,2.5757582964052794,12.752039158115977,45.0,14.0,31.0,31.11111111111111,14859.050000000003,7542.600000000001,7316.450000000002,863.59,23.0,0.0,0.1428571428571429,0.8823529411764706,,,,,,,
116,-1.0476190476190477,True,13,2.3,0.6000000000000001,18,0.6000000000000001,0.11,166.5453230004995,1.710795686368905,2.1306436417676524,21.363530765640306,84.0,29.0,55.0,34.523809523809526,40085.380000000005,23430.840000000004,16654.54,2321.2,111.0,0.0,80.3703520138501,2.03797236213354,2.731950898845571,15.165698264355889,44.0,14.0,30.0,31.818181818181817,15780.019999999999,7743.0,8037.019999999999,875.62,34.0,0.0,0.1428571428571429,0.8627450980392157,,,,,,,
136,-1.0578231292517006,True,10,2.6,0.6000000000000001,19,0.7000000000000001,0.15,142.10415036574977,1.681108919622979,2.0184866706329063,19.87479968697095,81.0,27.0,54.0,33.333333333333336,35073.9,20863.55,14210.350000000002,2065.36,118.0,0.0,95.49807726055009,2.257987390895415,3.0790438153617075,12.274264718916209,42.0,15.0,27.0,35.714285714285715,17141.15,7591.34,9549.810000000001,892.81,41.0,0.0,0.173469387755102,0.8235294117647058,,,,,,,
109,-1.060090702947846,True,14,2.5,0.8,14,0.5,0.13,165.93715134459953,1.6683857953568217,2.1260718654898354,23.90441792145177,85.0,29.0,56.0,34.11764705882353,41420.229999999996,24826.53,16593.699999999997,2357.61,117.0,0.0,76.35620208085005,2.105724952067609,2.672275871588809,15.165225837617324,40.0,13.0,27.0,32.5,14541.21,6905.5599999999995,7635.65,767.79,38.0,0.0,0.1802721088435375,0.7843137254901961,,,,,,,
65,-1.062358276643991,True,26,2.4,0.9,10,0.35000000000000003,0.09,121.44109098304965,1.5183843899373974,1.730075274719094,24.154474277802485,89.0,27.0,62.0,30.337078651685392,35571.100000000006,23426.939999999995,12144.16000000001,2195.67,95.0,0.0,67.58094302124998,1.9565900514385528,2.316855956235256,14.950097816995807,38.0,12.0,26.0,31.57894736842105,13822.800000000001,7064.74,6758.060000000001,734.51,47.0,0.0,0.18707482993197277,0.7450980392156863,,,,,,,
45,-1.064625850340136,True,27,2.6,0.30000000000000004,14,0.30000000000000004,0.15,125.61625498829973,1.6543817764027375,1.8125295884245844,19.09518812647277,79.0,26.0,53.0,32.91139240506329,31757.859999999997,19196.210000000003,12561.649999999994,1830.23,99.0,0.0,83.80732607800007,2.129415680762435,2.8178726902220603,14.949752146020648,43.0,15.0,28.0,34.883720930232556,15801.179999999998,7420.43,8380.749999999998,881.13,31.0,0.0,0.19387755102040816,0.8431372549019608,,,,,,,
58,-1.0657596371882085,True,23,1.8,0.4,10,0.7000000000000001,0.05,91.82652641349978,1.4275976011075249,1.5922205879583082,25.498385825205737,88.0,26.0,62.0,29.545454545454547,30657.53,21474.91,9182.619999999999,2184.04,112.0,0.0,77.21989790850006,2.159458980603662,2.8400399427717526,11.526083828534814,38.0,14.0,24.0,36.8421052631579,14382.040000000003,6660.02,7722.020000000002,769.77,48.0,0.0,0.19727891156462585,0.7450980392156863,,,,,,,
132,-1.0657596371882085,True,42,2.6,0.30000000000000004,20,0.5,0.09,79.87468061714983,1.5151699847077937,1.5050966241302053,23.187448447524776,81.0,23.0,58.0,28.395061728395063,23492.15,15504.630000000001,7987.52,1572.3,152.0,0.0,78.46141578315012,2.2233753436105967,2.972213796568271,9.787288018627343,41.0,16.0,25.0,39.02439024390244,14259.639999999998,6413.51,7846.129999999997,827.62,54.0,0.0,0.19727891156462585,0.803921568627451,,,,,,,
60,-1.066893424036281,True,29,2.3,0.8,13,0.45,0.12,112.78466190899974,1.5612666474907217,1.6930725350808566,20.091191919992397,83.0,25.0,58.0,30.120481927710845,31373.059999999998,20094.619999999995,11278.440000000002,1923.88,116.0,0.0,90.29322203425004,2.2296932348234657,2.969282262943926,14.95009624775833,40.0,14.0,26.0,35.0,16372.08,7342.749999999999,9029.330000000002,839.19,46.0,0.0,0.20068027210884354,0.7843137254901961,,,,,,,
28,-1.072562358276644,True,15,2.6,1.0,18,0.35000000000000003,0.04,122.0187491101994,1.4657530377214525,1.753744282719701,23.904333857672906,93.0,28.0,65.0,30.107526881720432,38399.93,26198.089999999997,12201.840000000004,2484.28,114.0,0.0,75.80205526845002,2.196305753794777,2.5430158704061783,13.562595242662598,35.0,12.0,23.0,34.285714285714285,13916.54,6336.340000000001,7580.2,663.43,52.0,0.0,0.21768707482993188,0.6862745098039216,,,,,,,
52,-1.074829931972789,True,26,2.4,0.0,20,0.6000000000000001,0.03,49.824032672899776,1.296243400934795,1.0877409192511107,25.30555950563576,83.0,23.0,60.0,27.710843373493976,21801.090000000004,16818.67,4982.4200000000055,1767.99,127.0,0.0,90.39586007975002,2.458963185332236,3.0992149490798315,12.740447673414554,39.0,15.0,24.0,38.46153846153846,15235.49,6195.9,9039.59,753.34,54.0,0.0,0.22448979591836726,0.7647058823529411,,,,,,,
75,-1.0759637188208617,True,14,2.0,0.7000000000000001,18,0.45,0.14,151.62305682039957,1.6164348475165022,2.008605670441788,23.904699589263934,85.0,28.0,57.0,32.94117647058823,39759.06,24596.76,15162.3,2320.87,123.0,0.0,84.44157323585004,2.259228550721612,2.8515191197595406,15.165902378860741,38.0,13.0,25.0,34.21052631578947,15149.980000000001,6705.82,8444.160000000002,750.01,48.0,0.0,0.22789115646258506,0.7450980392156863,,,,,,,
50,-1.0782312925170068,True,35,2.6,0.8,15,0.5,0.09,154.57360779234983,1.8004782969397488,2.07698375931014,24.142420698296956,82.0,27.0,55.0,32.926829268292686,34767.56,19310.18,15457.379999999997,2140.93,126.0,0.0,83.27039885170001,2.1949593024590732,2.9545504610555375,14.949997269329145,39.0,14.0,25.0,35.8974358974359,15295.53,6968.48,8327.050000000001,790.2,49.0,0.0,0.23469387755102034,0.7647058823529411,,,,,,,
134,-1.0816326530612246,True,12,2.7,0.9,19,0.5,0.13,185.0480247865498,1.7696427167716364,2.270156822208474,23.90452765267135,81.0,29.0,52.0,35.80246913580247,42548.21,24043.390000000003,18504.819999999996,2295.83,124.0,0.0,96.04997181130005,2.3792326547492033,3.111031013390535,15.165582231549271,39.0,14.0,25.0,35.8974358974359,16569.0,6964.01,9604.99,810.62,46.0,0.0,0.2448979591836734,0.7647058823529411,,,,,,,
11,-1.0884353741496597,True,44,2.3,0.2,6,0.7000000000000001,0.13,55.10671059744996,1.3530855290599668,1.1047983630741147,32.05935114567641,79.0,21.0,58.0,26.582278481012658,21117.890000000003,15607.21,5510.680000000004,1435.31,154.0,0.0,79.15171202260012,2.1838130819875143,2.8965128928758435,12.05109760346758,39.0,15.0,24.0,38.46153846153846,14601.279999999999,6686.14,7915.1399999999985,793.03,59.0,0.0,0.26530612244897955,0.7647058823529411,,,,,,,
49,-1.1020408163265305,True,27,2.3,1.1,17,0.30000000000000004,0.0,116.25984119974969,1.4816869068251126,1.699304535542969,24.154185998573723,89.0,27.0,62.0,30.337078651685392,35762.009999999995,24136.010000000006,11625.999999999989,2255.99,117.0,0.0,67.06645433324996,2.125532000590739,2.3667492203310174,13.99211276952013,33.0,11.0,22.0,33.333333333333336,12665.280000000002,5958.64,6706.640000000002,599.28,60.0,0.0,0.30612244897959184,0.6470588235294118,,,,,,,
23,-1.1043083900226758,True,31,2.0,0.4,11,0.15000000000000002,0.2,126.69300578329967,1.669221679737537,1.8505796500995126,20.285334196137974,79.0,26.0,53.0,32.91139240506329,31600.720000000005,18931.41,12669.310000000005,1805.82,123.0,0.0,77.73378199305007,2.149302809019497,2.709663916226596,13.74793913390607,37.0,13.0,24.0,35.13513513513514,14536.96,6763.57,7773.389999999999,753.33,46.0,0.0,0.3129251700680272,0.7254901960784313,,,,,,,
9,-1.1156462585034013,True,34,2.9000000000000004,0.5,5,0.05,0.14,130.7281424048498,1.7043752771490193,1.924519049198669,26.318926138230204,78.0,25.0,53.0,32.05128205128205,31632.37,18559.510000000002,13072.859999999997,1760.64,134.0,0.0,67.86246346865009,2.0548861053855507,2.4945841171437646,13.748076191211055,36.0,12.0,24.0,33.333333333333336,13219.37,6433.139999999999,6786.230000000001,696.9,51.0,0.0,0.34693877551020413,0.7058823529411765,,,,,,,
38,-1.1213151927437641,True,20,2.8,1.0,19,0.5,0.09,85.80554606444967,1.4579543101368646,1.4383679681810912,23.90388411290739,81.0,25.0,56.0,30.864197530864196,27317.340000000004,18736.760000000002,8580.580000000002,1716.58,137.0,0.0,85.11433019100004,2.48681050129004,3.0655141847786225,14.216153601300274,34.0,13.0,21.0,38.23529411764706,14236.07,5724.629999999999,8511.44,674.43,61.0,0.0,0.3639455782312925,0.6666666666666666,,,,,,,
87,-1.1213151927437641,True,14,2.3,0.9,19,0.5,0.1,173.15311110914962,1.725114837523069,2.180230874199864,23.90451360038495,81.0,28.0,53.0,34.5679012345679,41194.69,23879.390000000003,17315.3,2290.69,146.0,0.0,80.95005276555007,2.3064653572408456,2.8275820481441367,12.987509725882408,34.0,12.0,22.0,35.294117647058826,14291.09,6196.0999999999985,8094.990000000002,667.84,67.0,0.0,0.3639455782312925,0.6666666666666666,,,,,,,
114,-1.1326530612244898,True,33,2.4,0.0,16,0.4,0.16,119.3292478323498,1.7079506466986363,1.850475086850052,30.95640981121007,73.0,23.0,50.0,31.506849315068493,28788.550000000003,16855.61,11932.940000000002,1588.71,140.0,0.0,65.27825519430007,2.1133320826155924,2.580214919066255,13.747359596445524,36.0,13.0,23.0,36.111111111111114,12391.1,5863.299999999999,6527.800000000001,660.93,52.0,0.0,0.3979591836734694,0.7058823529411765,,,,,,,
51,-1.13718820861678,True,31,2.3,0.2,17,0.65,0.06,84.54305504474978,1.5516260411922607,1.5239325334710454,18.757876250857645,74.0,22.0,52.0,29.72972972972973,23780.499999999996,15326.179999999997,8454.32,1677.49,155.0,0.0,96.0078815067,2.6558881815531983,3.437281220913245,14.950334069943457,35.0,14.0,21.0,40.0,15398.759999999998,5797.97,9600.789999999997,718.32,62.0,0.0,0.41156462585034015,0.6862745098039216,,,,,,,
88,-1.1473922902494331,True,28,2.2,0.30000000000000004,17,0.4,0.25,117.69207350019981,1.6796960860919998,1.7665517961036492,19.87414174707274,71.0,23.0,48.0,32.394366197183096,29084.659999999996,17315.43,11769.229999999996,1619.95,152.0,0.0,69.66180135580001,2.2168411417711393,2.690882562775546,13.747423840090741,35.0,12.0,23.0,34.285714285714285,12690.949999999999,5724.789999999999,6966.16,656.99,60.0,0.0,0.44217687074829926,0.6862745098039216,,,,,,,
15,-1.1485260770975056,True,37,2.1,0.8,6,0.05,0.18,104.64650091679977,1.6070279607915476,1.68868394708189,25.049074269442805,73.0,22.0,51.0,30.136986301369863,27703.78,17239.14,10464.64,1552.33,153.0,0.0,63.50406242665005,2.0270724871139234,2.3833350775512248,13.748072262269663,34.0,11.0,23.0,32.35294117647059,12533.45,6183.03,6350.420000000001,646.37,66.0,0.0,0.44557823129251695,0.6666666666666666,,,,,,,
21,-1.155328798185941,True,37,2.1,0.9,6,0.0,0.17,131.75122843579973,1.7810397731179914,1.963701992302549,25.049074269442805,71.0,23.0,48.0,32.394366197183096,30043.79,16868.68,13175.11,1573.24,167.0,0.0,63.50406242665005,2.0270724871139234,2.3833350775512248,13.748072262269663,34.0,11.0,23.0,32.35294117647059,12533.45,6183.03,6350.420000000001,646.37,67.0,0.0,0.4659863945578231,0.6666666666666666,,,,,,,
118,-1.163265306122449,True,47,2.4,0.2,16,0.55,0.12,29.081409904749943,1.2390862184630764,0.7750177918760076,25.34392141128146,71.0,17.0,54.0,23.943661971830984,15071.65,12163.52,2908.129999999999,1118.84,179.0,0.0,56.90020886900011,2.0998268117118584,2.303209522298379,9.787628159159995,33.0,13.0,20.0,39.39393939393939,10863.58,5173.5599999999995,5690.02,627.38,69.0,0.0,0.4897959183673469,0.6470588235294118,,,,,,,
57,-1.191609977324263,True,35,2.2,1.3,12,0.4,0.02,120.15113343254968,1.6363401406660454,1.803224132814183,25.761599826116495,72.0,23.0,49.0,31.944444444444443,30896.72,18881.6,12015.120000000003,1693.18,164.0,0.0,39.30980036099999,1.8130010175464721,1.7232050824546015,13.99258512269767,29.0,9.0,20.0,31.03448275862069,8766.15,4835.16,3930.99,470.25,72.0,0.0,0.5748299319727891,0.5686274509803921,,,,,,,
55,-1.2108843537414966,True,29,2.8,0.6000000000000001,16,0.75,0.04,66.11108100259993,1.4739479532582984,1.3114936081497095,18.112818850124093,71.0,21.0,50.0,29.577464788732396,20560.100000000006,13949.0,6611.100000000006,1523.24,177.0,0.0,81.10122315130003,2.84269816096446,3.3540421110909127,13.747949683903652,27.0,11.0,16.0,40.74074074074074,12511.34,4401.22,8110.12,526.16,86.0,0.0,0.6326530612244897,0.5294117647058824,,,,,,,
20,-1.2403628117913832,True,37,2.6,0.6000000000000001,2,0.35000000000000003,0.28,78.98249804109986,1.5630746044782078,1.4576587560595025,22.541558563553142,60.0,18.0,42.0,30.0,21925.309999999998,14027.039999999999,7898.269999999999,1211.7,209.0,0.0,59.668213040100106,2.1471761014511705,2.3345664996013307,13.747323878795717,28.0,9.0,19.0,32.142857142857146,11168.150000000001,5201.32,5966.830000000002,541.42,84.0,0.0,0.7210884353741497,0.5490196078431373,,,,,,,
22,-1.2573696145124718,True,46,2.2,1.5,6,0.1,0.13,115.77118013064991,1.7099039856561018,1.808376226776435,24.903332494298482,69.0,22.0,47.0,31.884057971014492,27885.08,16307.980000000003,11577.099999999999,1486.6,213.0,0.0,52.75327316520006,2.2716074975413156,2.189976789625432,10.012423475989623,22.0,8.0,14.0,36.36363636363637,9423.9,4148.5599999999995,5275.34,400.78000000000003,95.0,0.0,0.7721088435374149,0.43137254901960786,,,,,,,
2,-1.284580498866213,True,44,1.8,1.1,5,0.5,0.24,109.05534972869977,1.7730457743358912,1.7779722139171703,25.049822666468735,61.0,20.0,41.0,32.78688524590164,25012.8,14107.25,10905.55,1216.38,228.0,0.0,57.307646219250074,2.396237723630322,2.3218774482556266,11.032743116792407,22.0,8.0,14.0,36.36363636363637,9835.19,4104.429999999999,5730.760000000001,402.38,99.0,0.0,0.8537414965986394,0.43137254901960786,,,,,,,
12,-1.2970521541950113,True,41,2.4,0.1,7,0.9,0.13,48.227767863749904,1.6018591893095993,1.164980516227456,19.3595167086,48.0,14.0,34.0,29.166666666666668,12835.970000000001,8013.17,4822.800000000001,852.3,244.0,0.0,70.71443008840001,2.7304960894292227,2.9707615768241564,13.96612301330437,26.0,11.0,15.0,42.30769230769231,11157.789999999999,4086.36,7071.4299999999985,501.55,93.0,0.0,0.891156462585034,0.5098039215686274,,,,,,,
77,-1.3049886621315192,True,10,1.9,1.0,16,0.4,0.11,206.86302288844965,2.1517784761073298,2.538280127280265,20.85917034731872,55.0,23.0,32.0,41.81818181818182,38646.63,17960.32,20686.309999999998,1572.44,215.0,0.0,62.095656509300056,2.4925104795600515,2.4415446218563477,11.245077889240134,22.0,8.0,14.0,36.36363636363637,10370.04,4160.48,6209.560000000001,397.39,91.0,0.0,0.9149659863945578,0.43137254901960786,,,,,,,
47,-1.3151927437641724,True,29,2.7,1.7000000000000002,19,0.45,0.07,159.41027270299995,2.1738124201063873,2.2681975313878975,20.49522383163562,52.0,20.0,32.0,38.46153846153846,29521.589999999997,13580.56,15941.029999999997,1286.37,233.0,0.0,50.23865535189999,2.281364854834966,2.363074513080154,13.992180938481308,22.0,8.0,14.0,36.36363636363637,8944.57,3920.71,5023.86,395.16,106.0,0.0,0.945578231292517,0.43137254901960786,,,,,,,
34,-1.3171935440843003,True,13,2.5,1.2000000000000002,18,0.8,0.07,126.92721370314979,1.8295712189590434,1.971060295723195,18.4653307493526,58.0,21.0,37.0,36.206896551724135,27993.079999999998,15300.349999999999,12692.73,1361.58,227.0,0.0,33.105459976300004,1.894808824403877,1.6759417449411078,12.76126548009798,20.0,6.0,14.0,30.0,7010.299999999999,3699.74,3310.5599999999995,317.38,96.0,0.0,0.9515806322529012,0.39215686274509803,,,,,,,
59,-1.3174603174603174,True,32,2.5,0.0,14,0.2,0.42,68.65497532765002,1.5698333203300727,1.3786009080143704,21.187633787830134,49.0,15.0,34.0,30.612244897959183,18913.760000000002,12048.26,6865.500000000002,1005.64,253.0,0.0,54.159713876700046,2.1981691197129347,2.2044051230185637,12.740266294674738,23.0,8.0,15.0,34.78260869565217,9936.23,4520.2300000000005,5415.999999999999,449.76,94.0,0.0,0.9523809523809523,0.45098039215686275,,,,,,,
30,-1.3239962651727357,True,24,2.5,1.5,12,0.25,0.05,115.3696698994496,1.7810213740220298,1.829714869357318,24.55438174441622,56.0,19.0,37.0,33.92857142857143,26308.659999999996,14771.67,11536.989999999996,1240.06,226.0,0.0,45.86183645170006,2.16941286864638,1.9433670910820924,12.98696835807956,20.0,7.0,13.0,35.0,8507.96,3921.7799999999997,4586.179999999999,345.48,102.0,0.0,0.9719887955182074,0.39215686274509803,,,,,,,
7,-1.336734693877551,True,11,2.9000000000000004,1.5,14,0.5,0.23,239.02004263824975,2.636230334378881,2.7791843631430106,18.294852235538535,48.0,22.0,26.0,45.833333333333336,38510.0,14607.98,23902.02,1365.3899999999999,238.0,0.0,63.276068495200086,2.5370054143600784,2.472990931371194,11.245429627510362,21.0,8.0,13.0,38.095238095238095,10444.420000000002,4116.83,6327.590000000002,384.37,97.0,0.0,1.010204081632653,0.4117647058823529,,,,,,,
46,-1.3390022675736961,True,22,2.8,0.8,16,0.15000000000000002,0.45,30.5026277650999,1.3678874584807763,0.8127127623777184,25.724073658245967,45.0,12.0,33.0,26.666666666666668,11341.62,8291.34,3050.2800000000007,637.57,262.0,0.0,60.09879148810015,2.3982545897867213,2.471691225176334,12.739499620280121,22.0,8.0,14.0,36.36363636363637,10308.01,4298.13,6009.88,410.77,102.0,0.0,1.0170068027210886,0.43137254901960786,,,,,,,
17,-1.3480725623582765,True,19,2.0,0.7000000000000001,4,1.25,0.08,-8.019055768500131,0.8860168286997555,-0.10387114795235329,35.566100992696335,40.0,8.0,32.0,20.0,6233.66,7035.6,-801.9400000000005,493.88,281.0,0.0,69.48334254200006,2.5475351563718,2.6566773990270094,11.245500464469098,23.0,9.0,14.0,39.130434782608695,11438.28,4489.9400000000005,6948.34,465.46999999999997,99.0,0.0,1.0442176870748299,0.45098039215686275,,,,,,,
39,-1.3652794451113779,True,13,2.5,1.3,14,0.8500000000000001,0.03,45.77610304949989,1.3860650815712414,1.032096983126206,19.830394905395455,51.0,15.0,36.0,29.41176470588235,16434.739999999998,11857.12,4577.619999999997,934.96,238.0,0.0,33.43706703175001,1.9299343925821069,1.6854105411106848,12.760790598717787,19.0,6.0,13.0,31.57894736842105,6939.33,3595.6299999999997,3343.7000000000003,295.28,100.0,0.0,1.0958383353341337,0.37254901960784315,,,,,,,
4,-1.3682139522475658,True,28,2.7,1.2000000000000002,11,0.9500000000000001,0.02,34.20513335489997,1.386299442206418,0.9575160148486891,24.73944785159392,43.0,14.0,29.0,32.55813953488372,12275.029999999999,8854.530000000002,3420.4999999999964,849.26,262.0,0.0,61.00131243390009,2.880220196833283,2.6712990044714267,12.481939427541224,20.0,8.0,12.0,40.0,9344.5,3244.3700000000003,6100.129999999999,348.75,112.0,0.0,1.1046418567426974,0.39215686274509803,,,,,,,
112,-1.492530345471522,True,11,2.4,0.1,17,1.4000000000000001,0.13,-22.926772926149987,0.636303067029198,-0.7705558021449387,28.96719430924703,35.0,6.0,29.0,17.142857142857142,4011.1399999999994,6303.820000000001,-2292.680000000001,443.96,274.0,0.0,31.701430148550042,2.0638303584312387,1.739493211728914,12.03997851194473,16.0,5.0,11.0,31.25,6150.070000000001,2979.93,3170.140000000001,274.89,109.0,0.0,1.477591036414566,0.3137254901960784,,,,,,,
56,-1.5056689342403629,True,33,2.4,0.2,17,1.0,0.08,10.918806231150011,1.344002243212078,0.5244649368772383,22.471027168276418,24.0,6.0,18.0,25.0,4265.89,3174.0200000000004,1091.87,334.83,308.0,0.0,53.414882942899986,3.302644284655045,3.1652504677031006,7.868935785377404,17.0,8.0,9.0,47.05882352941177,7661.21,2319.72,5341.49,312.95,117.0,0.0,1.5170068027210883,0.3333333333333333,,,,,,,
73,-1.6722022142190212,True,12,2.3,0.1,19,1.6,0.06,-23.968155297550027,0.47774075954442147,-0.9376731073953086,34.27648982738818,25.0,4.0,21.0,16.0,2192.51,4589.330000000001,-2396.8200000000006,321.79,316.0,0.0,61.60842116255005,6.116084403883043,3.1879631662567243,11.245699609684092,10.0,6.0,4.0,60.0,7365.05,1204.21,6160.84,180.16,128.0,0.0,2.016606642657063,0.19607843137254902,,,,,,,
70,-1.7338935574229692,True,31,2.6,0.4,13,1.2000000000000002,0.04,26.25343820749997,2.3537407248895237,1.3493801869223283,13.217402933658123,14.0,6.0,8.0,42.857142857142854,4564.679999999999,1939.33,2625.3499999999995,246.09,342.0,0.0,52.51643259144998,5.988686342867457,3.135572225652316,7.868622758208459,9.0,5.0,4.0,55.55555555555556,6304.35,1052.71,5251.64,143.53,136.0,0.0,2.2016806722689077,0.17647058823529413,,,,,,,
18,-1.7591036414565826,True,45,1.5,1.9000000000000001,7,0.25,0.08,36.84063307884993,1.6651320409979757,1.1124505299438627,21.21754474548138,28.0,8.0,20.0,28.571428571428573,9222.85,5538.810000000001,3684.039999999999,415.32,312.0,0.0,14.940388449349976,2.462279293739968,1.1131597873901304,10.66586286823877,6.0,2.0,4.0,33.333333333333336,2515.76,1021.72,1494.0400000000002,98.61,142.0,0.0,2.277310924369748,0.11764705882352941,,,,,,,
13,-1.7625050020008004,True,39,2.2,2.1,8,0.75,0.12,71.8629421782,2.3119827657030187,1.5877589040600608,22.935089755245606,27.0,10.0,17.0,37.03703703703704,12663.77,5477.45,7186.320000000001,457.7,310.0,0.0,15.405778825349973,2.632160527180074,1.2424406910748924,10.323235016919703,6.0,2.0,4.0,33.333333333333336,2484.4700000000003,943.8900000000001,1540.5800000000002,94.01,139.0,0.0,2.287515006002401,0.11764705882352941,,,,,,,
148,-1.7824463118580764,True,13,2.6,2.4000000000000004,19,0.35000000000000003,0.13,10.931910309999985,1.3200757742115885,0.4668418722052007,18.59093408760829,14.0,4.0,10.0,28.571428571428573,4508.6,3415.4099999999994,1093.190000000001,159.89,342.0,0.0,43.299318121249996,5.048451188839957,2.140993604954524,11.245594435033574,7.0,4.0,3.0,57.142857142857146,5399.469999999999,1069.53,4329.94,107.0,142.0,0.0,2.34733893557423,0.13725490196078433,,,,,,,
16,-1.8139922635720955,True,43,2.5,2.1,9,0.7000000000000001,0.29,3.6188235640499626,1.0868686480751595,0.22575547354581926,17.028035459024203,19.0,4.0,15.0,21.05263157894737,4527.959999999999,4166.06,361.8999999999987,255.19,346.0,0.0,-12.22266958655,0.0,-1.3158383090655654,15.351639323922917,5.0,0.0,5.0,0.0,0.0,1222.27,-1222.27,69.22,143.0,0.0,2.4419767907162866,0.09803921568627451,,,,,,,
19,-1.8455382152861146,True,33,3.0,2.8000000000000003,4,0.65,0.18,67.06820142149994,2.3259740490825447,1.5230170875074696,21.780392312191683,24.0,9.0,15.0,37.5,11764.800000000001,5058.009999999999,6706.790000000002,363.29,326.0,0.0,40.02447815254998,99.0,2.57891289414154,7.332871102796773,3.0,3.0,0.0,100.0,4002.4500000000003,0.0,4002.4500000000003,41.34,142.0,0.0,2.5366146458583434,0.058823529411764705,,,,,,,
0,-1.9621181806055756,True,25,3.0,4.4,13,0.25,0.07,-11.666369077399978,0.0,-0.7568233436400503,16.285033016610477,4.0,0.0,4.0,0.0,0.0,1166.65,-1166.65,20.76,372.0,0.0,-3.147103912999992,0.0,-0.32939603215093954,9.554597889480478,1.0,0.0,1.0,0.0,0.0,314.71,-314.71,14.65,154.0,0.0,2.886354541816727,0.0196078431372549,,,,,,,
1,-2.0,True,12,2.8,3.6,15,0.0,0.44,-11.70632513434999,0.0,-0.8244078875371741,16.322899907775493,4.0,0.0,4.0,0.0,0.0,1170.64,-1170.64,24.87,373.0,0.0,,,,,,,,,,,,,,,,,no trades with filter on,,,,,,
3,-2.0,True,27,1.9,3.7,4,0.45,0.16,-8.881152492499988,0.0,-0.9681308247994042,10.232745195298886,3.0,0.0,3.0,0.0,0.0,888.1200000000001,-888.1200000000001,15.56,376.0,0.0,,,,,,,,,,,,,,,,,no trades with filter on,,,,,,
5,-2.0,True,34,1.7,0.30000000000000004,20,1.55,0.37,,,,,,,,,,,,,,,,,,,,,,,,,,,,,,,no trades with filter on,,,,,,
6,-2.0,True,22,1.6,4.1000000000000005,10,0.2,0.22,-3.0397434434999924,0.0,-1.0249715649952942,3.5944703815490406,1.0,0.0,1.0,0.0,0.0,303.97,-303.97,4.03,379.0,0.0,,,,,,,,,,,,,,,,,no trades with filter on,,,,,,
8,-2.0,True,32,1.7,5.9,16,1.55,0.41000000000000003,,,,,,,,,,,,,,,,,,,,,,,,,,,,,,,no trades with filter on,,,,,,
10,-2.0,True,49,2.3,2.6,2,1.05,0.33,-3.126347792550023,0.0,-0.3655086402311819,6.90476205145015,1.0,0.0,1.0,0.0,0.0,312.63,-312.63,12.69,378.0,0.0,,,,,,,,,,,,,,,,,no trades with filter on,,,,,,
14,-2.0,True,50,2.6,0.0,2,1.3,0.0,,,,,,,,,,,,,,,,,,,,,,,,,,,,,,,no trades with filter on,,,,,,
29,-2.0,True,22,2.4,5.9,13,0.35000000000000003,0.1,-3.0397434434999924,0.0,-1.0249715649952942,3.5944703815490406,1.0,0.0,1.0,0.0,0.0,303.97,-303.97,4.03,379.0,0.0,,,,,,,,,,,,,,,,,no trades with filter on,,,,,,
37,-2.0,True,28,2.4,4.800000000000001,13,0.25,0.06,-6.000389950599983,0.0,-0.7048252354602281,10.236426464536583,2.0,0.0,2.0,0.0,0.0,600.04,-600.04,9.18,376.0,0.0,,,,,,,,,,,,,,,,,no trades with filter on,,,,,,
66,-2.0,True,11,2.7,4.7,9,0.30000000000000004,0.04,-11.666369077399978,0.0,-0.7568233436400503,16.285033016610477,4.0,0.0,4.0,0.0,0.0,1166.65,-1166.65,20.76,376.0,0.0,,,,,,,,,,,,,,,,,no trades with filter on,,,,,,
68,-2.0,True,21,2.4,3.3000000000000003,8,0.35000000000000003,0.36,-11.666369077399978,0.0,-0.7568233436400503,16.285033016610477,4.0,0.0,4.0,0.0,0.0,1166.65,-1166.65,20.76,375.0,0.0,,,,,,,,,,,,,,,,,no trades with filter on,,,,,,
102,-2.0,True,14,2.6,5.300000000000001,19,0.4,0.15,-8.872925040400006,0.0,-0.5760428165651231,16.286114996063652,3.0,0.0,3.0,0.0,0.0,887.29,-887.29,14.56,377.0,0.0,,,,,,,,,,,,,,,,,no trades with filter on,,,,,,
146,-2.0,True,11,2.5,3.9000000000000004,18,0.35000000000000003,0.11,-11.666369077399978,0.0,-0.7568233436400503,16.285033016610477,4.0,0.0,4.0,0.0,0.0,1166.65,-1166.65,20.76,375.0,0.0,,,,,,,,,,,,,,,,,no trades with filter on,,,,,,
