trial,score,enabled,length,std,min_bandwidth_pct,expansion_lookback,expansion_min_ratio,min_mid_distance,tr_on_return_pct,tr_on_pf,tr_on_sharpe,tr_on_max_dd,tr_on_trades,tr_on_wins,tr_on_losses,tr_on_win_rate,tr_on_gross_profit,tr_on_gross_loss,tr_on_net_pnl,tr_on_fees,tr_on_blocked,tr_on_head_dropped,va_on_return_pct,va_on_pf,va_on_sharpe,va_on_max_dd,va_on_trades,va_on_wins,va_on_losses,va_on_win_rate,va_on_gross_profit,va_on_gross_loss,va_on_net_pnl,va_on_fees,va_on_blocked,va_on_head_dropped,c_gate_shortfall,c_valid_trade_ratio,c_va_pf,c_va_netpnl,c_va_dd,c_tr_pf,c_tr_netpnl,c_tr_dd,c_reason
124,0.2945533565452308,True,10,2.6,0.5,19,1.1500000000000001,0.03,60.5673018519994,1.2520747988877803,1.2842509251071954,22.426137661670133,149,51,98,34.22818791946309,30084.389999999996,24027.63,6056.759999999995,2860.8,1082,1,58.32993860999983,1.726276522494861,2.2648355282053583,17.438855188146103,60.0,24.0,36.0,40.0,13864.400000000001,8031.389999999999,5833.010000000002,906.69,414.0,3.0,,0.75,0.08752509371141581,0.07063878159399616,0.022603949345954815,0.02255002836335797,0.07821709554575274,0.013018407984753292,
134,0.2790330531496701,True,10,2.5,0.8,19,1.1500000000000001,0.06,67.64036269099972,1.3081231727393892,1.4086048223922523,22.446438560699516,125,47,78,37.6,28716.25999999999,21952.260000000006,6763.999999999985,2417.3,1262,1,50.821141051499886,1.6694487365424613,2.081813677371102,17.438855188146103,56.0,21.0,35.0,37.5,12673.57,7591.47,5082.099999999999,819.48,479.0,2.0,,0.7,0.06976641060129088,0.03579821600491808,0.022603949345954815,0.03305909846053463,0.10486570943399927,0.01293966930297241,
136,0.2777713106509981,True,10,2.5,0.8,19,1.1,0.06,68.5155562589996,1.3087394574017523,1.402633909893566,23.652365882750072,125,47,78,37.6,29043.690000000002,22192.11,6851.580000000002,2437.42,1239,1,50.821141051499886,1.6694487365424613,2.081813677371102,17.438855188146103,56.0,21.0,35.0,37.5,12673.57,7591.47,5082.099999999999,819.48,470.0,2.0,,0.7,0.06976641060129088,0.03579821600491808,0.022603949345954815,0.03317465183472773,0.10816570039086414,0.008262382473242461,
49,0.2600581787174104,True,11,2.7,0.6000000000000001,19,1.05,0.0,47.72754765049951,1.1912055862475113,1.0717543745760472,23.300142446824633,159,52,107,32.704402515723274,29734.04,24961.3,4772.740000000002,2992.35,992,1,62.83982157399986,1.751046370153292,2.3729609253645867,17.435736562319654,64.0,27.0,37.0,42.1875,14651.04,8367.020000000002,6284.019999999999,975.97,373.0,4.0,,0.8,0.09526567110467545,0.09156464952268259,0.022626731839958624,0.011137050993307529,0.029835565648141445,0.009628509608644753,
97,0.2546415482840894,True,12,2.6,1.3,18,1.0,0.04,42.0438942279997,1.2329071808121677,1.0091542656523886,20.945800675990522,105,36,69,34.285714285714285,22255.75,18051.440000000002,4204.309999999998,1703.39,1411,1,58.83616142849986,1.8305643666526914,2.336737694794241,18.424077868558086,53.0,22.0,31.0,41.509433962264154,12967.480000000001,7083.87,5883.6100000000015,758.1,521.0,2.0,,0.6625,0.12011504501073779,0.07298650984213152,0.015406603124248942,0.0189560999741806,0.008417275403675224,0.018760014929115318,
146,0.252217707793441,True,14,2.3,0.2,19,1.2000000000000002,0.1,63.947600355499745,1.3232295559749736,1.372191311283492,18.348321144011674,131,48,83,36.6412213740458,26178.8,19784.02,6394.779999999999,2433.57,1211,1,51.77412977599998,1.6315492222417394,2.1857529941471814,20.75264280497089,64.0,26.0,38.0,40.625,13375.31,8197.92,5177.389999999999,915.26,475.0,4.0,,0.8,0.05792281238231528,0.04021946155362996,-0.0016042598819490787,0.035891545317206716,0.0909535986656347,0.028834549756603413,
122,0.2402791746773389,True,10,2.7,0.8,18,1.1500000000000001,0.03,58.38102051649962,1.2694271895738531,1.2532533644857344,22.433229588016328,141,52,89,36.87943262411348,27506.709999999995,21668.600000000002,5838.109999999993,2484.25,1216,0,51.64026364499976,1.6679649048828156,2.07215955170217,17.438855188146103,56.0,22.0,34.0,39.285714285714285,12895.019999999999,7730.99,5164.029999999999,816.58,452.0,2.0,,0.7,0.06930271320765159,0.03959958705965585,0.022603949345954815,0.02580360161699663,0.06997842207328903,0.012990901373790976,
147,0.23388932784617789,True,14,2.3,0.0,19,1.1,0.11,58.1087816174996,1.29284110637676,1.2713994269851636,17.07534423332676,139,48,91,34.53237410071942,25654.04,19843.149999999998,5810.890000000003,2388.37,1141,1,51.449455987499896,1.616796021761387,2.1628481452112163,19.30857094881435,64.0,26.0,38.0,40.625,13486.31,8341.380000000001,5144.9299999999985,917.37,450.0,4.0,,0.8,0.053312437232205176,0.038713389242671925,0.008945116745712288,0.03019371101754166,0.0689527797594524,0.033771893848594435,
145,0.23299916654405037,True,14,2.4,0.0,19,1.2000000000000002,0.08,58.14029946699949,1.2930367704687096,1.2802008313387239,18.361087221783663,136,48,88,35.294117647058826,25654.69,19840.649999999998,5814.040000000001,2462.37,1192,1,53.054038232999936,1.6393452500744143,2.2243049629226515,20.75264280497089,66.0,27.0,39.0,40.90909090909091,13603.500000000002,8298.130000000001,5305.370000000001,952.61,465.0,4.0,,0.825,0.06035907108002621,0.046157450905336884,-0.0016042598819490787,0.03023039803478221,0.06907147091627033,0.028785035489583822,
100,0.22911297956818386,True,16,2.5,1.1,17,1.05,0.02,76.0426599044996,1.4075511600822994,1.5305383604134475,15.905505565744996,115,42,73,36.52173913043478,26262.92,18658.590000000004,7604.3299999999945,2045.96,1287,0,36.423223666999895,1.47175268200251,1.6660359129442694,17.030247125952165,58.0,22.0,36.0,37.93103448275862,11363.269999999999,7720.91,3642.3599999999988,788.95,486.0,4.0,,0.725,0.007986393557556093,-0.031002540279082814,0.02558895339738441,0.051701846087330305,0.13652911889713873,0.03830920790785714,
51,0.22897075692867247,True,10,2.7,0.5,19,1.1,0.0,48.04106031449919,1.1936151973971365,1.074781175930734,24.49245084771703,160,51,109,31.875,29616.780000000002,24812.669999999995,4804.110000000008,2998.96,988,1,58.75295400499979,1.7218146167908324,2.274323865918642,17.435736562319654,62.0,25.0,37.0,40.32258064516129,14015.020000000002,8139.68,5875.340000000002,943.1,377.0,4.0,,0.775,0.08613074817890684,0.07260280010671494,0.022626731839958624,0.01158885308386226,0.031017578851119883,0.005004044868109925,
121,0.22367355685534399,True,10,2.6,0.8,18,1.1500000000000001,0.03,54.42457153599962,1.254152147498251,1.197756165977878,22.436342457891598,140,52,88,37.142857142857146,26856.69,21414.22,5442.4699999999975,2439.13,1229,0,51.758358901499776,1.6699799880394233,2.073207901136794,17.438855188146103,56.0,22.0,34.0,39.285714285714285,12901.229999999998,7725.379999999999,5175.8499999999985,817.23,453.0,2.0,,0.7,0.0699324266940915,0.04014800895477363,0.022603949345954815,0.022939531227821247,0.05507081277694565,0.012978827855757144,
123,0.22367355685534399,True,10,2.6,0.8,18,1.1500000000000001,0.03,54.42457153599962,1.254152147498251,1.197756165977878,22.436342457891598,140,52,88,37.142857142857146,26856.69,21414.22,5442.4699999999975,2439.13,1229,0,51.758358901499776,1.6699799880394233,2.073207901136794,17.438855188146103,56.0,22.0,34.0,39.285714285714285,12901.229999999998,7725.379999999999,5175.8499999999985,817.23,453.0,2.0,,0.7,0.0699324266940915,0.04014800895477363,0.022603949345954815,0.022939531227821247,0.05507081277694565,0.012978827855757144,
143,0.20261508210297083,True,13,2.4,0.0,19,1.2000000000000002,0.09,56.65519027949968,1.2777983717066876,1.2497051124350265,20.860390594712836,133,48,85,36.090225563909776,26059.88,20394.36,5665.52,2404.02,1189,1,51.66007189299988,1.6316906067079398,2.1608244117497826,21.215165685561086,64.0,26.0,38.0,40.625,13344.08,8178.07,5166.01,914.58,456.0,4.0,,0.8,0.0579669950280029,0.03969145468675686,-0.0049831278000895,0.027373198266903098,0.06347527707163139,0.01909128484976609,
144,0.20261508210297083,True,13,2.4,0.2,19,1.2000000000000002,0.09,56.65519027949968,1.2777983717066876,1.2497051124350265,20.860390594712836,133,48,85,36.090225563909776,26059.88,20394.36,5665.52,2404.02,1189,1,51.66007189299988,1.6316906067079398,2.1608244117497826,21.215165685561086,64.0,26.0,38.0,40.625,13344.08,8178.07,5166.01,914.58,456.0,4.0,,0.8,0.0579669950280029,0.03969145468675686,-0.0049831278000895,0.027373198266903098,0.06347527707163139,0.01909128484976609,
139,0.20250888516914967,True,11,2.5,0.0,19,1.2000000000000002,0.06,50.43461781249966,1.2492751775110786,1.1509333449352064,21.293759354870716,137,48,89,35.03649635036496,25276.010000000002,20232.54,5043.470000000001,2418.28,1126,1,53.28789484099987,1.6482823308426175,2.1139131115755916,18.802685493901137,64.0,24.0,40.0,37.5,13548.65,8219.86,5328.789999999999,945.6800000000001,435.0,3.0,,0.8,0.06315190882008971,0.04724408718145006,0.012640761232918999,0.02202509935522641,0.04003659957999636,0.017410428999468115,
140,0.20250888516914967,True,11,2.5,0.2,19,1.2000000000000002,0.06,50.43461781249966,1.2492751775110786,1.1509333449352064,21.293759354870716,137,48,89,35.03649635036496,25276.010000000002,20232.54,5043.470000000001,2418.28,1126,1,53.28789484099987,1.6482823308426175,2.1139131115755916,18.802685493901137,64.0,24.0,40.0,37.5,13548.65,8219.86,5328.789999999999,945.6800000000001,435.0,3.0,,0.8,0.06315190882008971,0.04724408718145006,0.012640761232918999,0.02202509935522641,0.04003659957999636,0.017410428999468115,
141,0.20250888516914967,True,11,2.5,0.0,19,1.2000000000000002,0.06,50.43461781249966,1.2492751775110786,1.1509333449352064,21.293759354870716,137,48,89,35.03649635036496,25276.010000000002,20232.54,5043.470000000001,2418.28,1126,1,53.28789484099987,1.6482823308426175,2.1139131115755916,18.802685493901137,64.0,24.0,40.0,37.5,13548.65,8219.86,5328.789999999999,945.6800000000001,435.0,3.0,,0.8,0.06315190882008971,0.04724408718145006,0.012640761232918999,0.02202509935522641,0.04003659957999636,0.017410428999468115,
131,0.2006234687203206,True,10,2.5,0.2,19,1.25,0.05,34.81719420849964,1.1571653433833349,0.8479770545962314,22.425452144975697,168,56,112,33.333333333333336,25634.949999999997,22153.23,3481.7199999999975,2655.79,1144,1,60.362134025499856,1.782987124508057,2.340024528468613,18.295872018830277,59.0,23.0,36.0,38.983050847457626,13745.440000000004,7709.22,6036.220000000004,887.53,446.0,3.0,,0.7375,0.10524715684053956,0.08006727679762454,0.016343185184817408,0.004754505456274455,-0.01880972237573252,0.013021066816797159,
96,0.19265170029274503,True,11,2.7,1.3,18,0.9500000000000001,0.04,38.8169631929997,1.219768989622594,0.9542308660981611,22.035322893306926,102,36,66,35.294117647058826,21544.060000000005,17662.410000000003,3881.6500000000015,1631.72,1403,1,54.38576981049987,1.7585805287170668,2.2295400301990056,18.424077868558086,53.0,21.0,32.0,39.62264150943396,12608.02,7169.43,5438.59,759.03,521.0,2.0,,0.6625,0.09762009565585511,0.052338564684320965,0.015406603124248942,0.01649268912613555,-0.0037404670277223833,0.01453421472990684,
95,0.18406963975885987,True,11,2.7,1.1,18,1.0,0.01,44.36612270799964,1.218483935352369,1.030662988208866,24.153011550185735,127,46,81,36.22047244094488,24743.009999999995,20306.39,4436.619999999995,2108.55,1245,1,52.67049726399983,1.693620137010475,2.1185117843402756,17.435736562319654,57.0,23.0,34.0,40.35087719298246,12860.640000000003,7593.58,5267.060000000003,825.36,459.0,2.0,,0.7125,0.07731997324754519,0.04437995151430801,0.022626731839958624,0.01625174145046837,0.017170654019673437,0.006320587686906228,
125,0.17450619778156756,True,10,2.6,0.5,20,1.1500000000000001,0.06,35.95720263199962,1.174357422679063,0.8888542743417078,23.616241070013437,141,48,93,34.04255319148936,24218.550000000003,20622.809999999998,3595.7400000000052,2352.53,1129,1,56.99920592249986,1.7200250622767261,2.2264902982188928,17.438855188146103,58.0,23.0,35.0,39.6551724137931,13616.199999999999,7916.279999999999,5699.92,865.82,425.0,2.0,,0.725,0.08557151239324864,0.06446369952790242,0.022603949345954815,0.00797802032422347,-0.014513479296243071,0.008402495486481278,
129,0.17374099181366134,True,10,2.6,0.5,20,1.1,0.05,41.278262501499576,1.1795005707452304,0.9743447487802132,24.490749990449146,148,49,99,33.108108108108105,27124.090000000004,22996.25,4127.840000000004,2662.88,1070,1,55.20901739349989,1.6877690062449933,2.169406444488091,17.438855188146103,59.0,23.0,36.0,38.983050847457626,13548.109999999999,8027.2300000000005,5520.879999999998,878.89,406.0,3.0,,0.7375,0.07549149488333212,0.05615663894398613,0.022603949345954815,0.008942360586629866,0.0055359062729217635,0.005010641780836639,
42,0.1714587044416368,True,20,2.7,1.0,18,0.8500000000000001,0.0,51.443961308999555,1.2224817539713977,1.1194108009889236,18.832389487870056,149,49,100,32.88590604026846,28267.25,23122.840000000004,5144.409999999996,2623.04,980,0,46.64940834299985,1.5886884788707156,1.960497824012383,17.427333133147936,65.0,27.0,38.0,41.53846153846154,12589.26,7924.3099999999995,4664.950000000001,894.74,380.0,5.0,,0.8125,0.04452883007887036,0.016443377295240726,0.022688121402339737,0.017001332441536232,0.04383999176069812,0.026957051462951617,
133,0.16896672248778064,True,11,2.6,0.1,19,1.2000000000000002,0.04,43.26564223649946,1.2143543680421718,1.0291665318060903,21.28890118868537,143,48,95,33.56643356643357,24510.65,20184.100000000002,4326.549999999999,2431.28,1092,1,53.28789484099987,1.6482823308426175,2.1139131115755916,18.802685493901137,64.0,24.0,40.0,37.5,13548.65,8219.86,5328.789999999999,945.6800000000001,424.0,3.0,,0.8,0.06315190882008971,0.04724408718145006,0.012640761232918999,0.015477447579806375,0.013023245882860994,0.017429271790654507,
83,0.16505245135714336,True,10,2.6,0.4,18,1.05,0.03,52.13653148849941,1.206342654029749,1.126677098292444,23.81524323373987,164,53,111,32.31707317073171,30480.310000000005,25266.710000000003,5213.600000000002,3022.58,944,0,49.75333561999969,1.594074703818774,2.004891898234813,17.80314750249677,63.0,24.0,39.0,38.095238095238095,13350.28,8374.939999999999,4975.340000000002,930.7,369.0,3.0,,0.7875,0.04621202537513858,0.03084478778810132,0.019942685081116872,0.013975251202477112,0.046447052440139275,0.007630649470170199,
116,0.1650500835712649,True,12,2.7,0.7000000000000001,18,1.1,0.0,46.64312444849944,1.1844551614772103,1.051881871624739,24.675404061710182,154,51,103,33.116883116883116,29951.14,25286.850000000002,4664.289999999997,2903.01,1074,1,52.71434318149976,1.6315538511119818,2.0952155207688845,17.435736562319654,63.0,25.0,38.0,39.682539682539684,13618.27,8346.81,5271.460000000001,936.72,404.0,4.0,,0.7875,0.05792425890426604,0.044584101796754455,0.022626731839958624,0.009871346348876098,0.025749198677692244,0.0042944460037174495,
137,0.1630127717948822,True,11,2.5,0.9,19,1.1500000000000001,0.1,54.774828221999684,1.2847386224165958,1.2224237813271837,24.15752383466433,108,38,70,35.18518518518518,24714.170000000006,19236.730000000003,5477.440000000002,1968.1299999999999,1354,1,43.76507173999984,1.593339804719593,1.8572816019464709,17.438855188146103,51.0,18.0,33.0,35.294117647058826,11752.57,7376.0599999999995,4376.51,721.94,513.0,2.0,,0.6375,0.045982369406644547,0.0030603983250396868,0.022603949345954815,0.02867449527501087,0.056388473016287494,0.0063030864259447875,
64,0.16230105586441343,True,12,2.7,0.8,19,1.3,0.03,50.613186070499616,1.2652063511359504,1.169344836430889,22.51324873371081,124,45,79,36.29032258064516,24145.780000000002,19084.460000000003,5061.32,2157.51,1302,1,47.450436357999955,1.6181494156591116,2.0390095625389755,19.163443419321233,58.0,23.0,35.0,39.6551724137931,12421.190000000002,7676.169999999999,4745.020000000003,821.81,496.0,2.0,,0.725,0.05373537282524411,0.0201584484578535,0.010005316735856654,0.02501219440988986,0.040709182801965095,0.012680540633604218,
117,0.15791759210244377,True,12,2.7,0.7000000000000001,18,0.8,0.0,56.1435960409994,1.2008893125414395,1.1429288251677505,23.592116303683426,166,56,110,33.734939759036145,33561.770000000004,27947.430000000004,5614.34,3164.09,836,1,48.65880977749992,1.5519121096497002,1.963545830108566,18.32659829892645,69.0,26.0,43.0,37.68115942028985,13682.34,8816.439999999999,4865.9000000000015,1017.84,297.0,4.0,,0.8625,0.03303621469730303,0.02576701349015788,0.0161187205228135,0.01295274967341907,0.06154682837133096,0.008496065347419337,
92,0.15755844276340245,True,12,2.8,1.0,18,1.3,0.0,27.622381828499528,1.1446347178406397,0.747418274041924,24.147143801080016,124,41,83,33.064516129032256,21860.52,19098.250000000004,2762.269999999997,2000.05,1325,0,55.99863987599991,1.7792362486206528,2.2444914303247754,16.31262239884938,52.0,21.0,31.0,40.38461538461539,12786.25,7186.37,5599.88,776.35,499.0,2.0,,0.65,0.10407500812572572,0.059822064469731186,0.030831416569320445,0.0024050131670191183,-0.045918405795645496,0.0063433462272514856,
130,0.15738902149683842,True,10,2.6,0.5,20,1.1,0.04,37.65737126549941,1.1643946249810648,0.9106321584952166,24.45872137293217,151,49,102,32.450331125827816,26672.45,22906.709999999995,3765.7400000000052,2662.66,1060,1,55.20901739349989,1.6877690062449933,2.169406444488091,17.438855188146103,59.0,23.0,36.0,38.983050847457626,13548.109999999999,8027.2300000000005,5520.879999999998,878.89,400.0,3.0,,0.7375,0.07549149488333212,0.05615663894398613,0.022603949345954815,0.006109995755848821,-0.008107924801302211,0.0051348673690187465,
103,0.1555978144695855,True,16,2.5,1.2000000000000002,17,1.05,0.02,60.89457760699959,1.3342558646700329,1.3164867052458806,15.917001512777116,109,38,71,34.862385321100916,24307.460000000003,18217.989999999994,6089.470000000008,1917.35,1347,0,35.30406457149988,1.4797157376960075,1.644753374031096,17.022427605760647,55.0,20.0,35.0,36.36363636363637,10889.819999999998,7359.4,3530.4199999999983,735.48,504.0,4.0,,0.6875,0.010474848461774072,-0.036196309055689074,0.025646077330100252,0.03795897819753033,0.07944959959004451,0.03826461994582542,
101,0.15369694151723362,True,16,2.4,1.2000000000000002,17,1.05,0.02,57.68467527199973,1.3278098162856147,1.2688660270433874,15.889198876229225,106,37,69,34.905660377358494,23365.310000000005,17596.879999999997,5768.430000000008,1821.74,1377,0,36.65718466249993,1.4957735887843897,1.6999074226657422,17.022427605760647,55.0,20.0,35.0,36.36363636363637,11059.720000000001,7393.98,3665.7400000000016,740.55,512.0,4.0,,0.6875,0.01549292692689351,-0.029917759914628035,0.025646077330100252,0.03675034412545192,0.06735289832501028,0.03837245472440569,
142,0.13595485195247506,True,12,2.5,0.0,19,1.25,0.06,50.09402300849952,1.246509833485718,1.15560104033315,22.510737071420124,140,50,90,35.714285714285715,25330.8,20321.379999999997,5009.420000000002,2491.88,1176,1,47.403213073499955,1.5999425413917132,2.0246014300761934,21.215165685561086,61.0,24.0,37.0,39.34426229508197,12641.689999999999,7901.34,4740.3499999999985,860.16,463.0,4.0,,0.7625,0.048045724616682106,0.019941770771711144,-0.0049831278000895,0.021506597350471307,0.038753604694392055,0.012690282319307947,
114,0.13375431754212386,True,15,2.6,1.2000000000000002,19,0.9500000000000001,0.04,55.03682596599959,1.3012691348698708,1.218775381745381,16.19712727171614,110,38,72,34.54545454545455,23772.040000000005,18268.35,5503.690000000006,1884.97,1305,1,39.294897133999854,1.4972451825493645,1.7813912171233055,19.280224211374907,59.0,23.0,36.0,38.983050847457626,11832.010000000002,7902.5199999999995,3929.4900000000025,794.9,475.0,4.0,,0.7375,0.015952799978448118,-0.017680342415700944,0.009152198137222827,0.03177396635999995,0.057377565989771145,0.03717812949238275,
63,0.13303813494032363,True,12,2.8,0.8,18,1.2000000000000002,0.03,30.38498156099964,1.151765587905784,0.7985377467406437,23.786722958309856,133,45,88,33.83458646616541,23059.280000000002,20020.81,3038.470000000001,2194.11,1231,0,53.88108500899994,1.6901586512720541,2.1534118899851404,16.31262239884938,58.0,23.0,35.0,39.6551724137931,13195.17,7807.059999999999,5388.1100000000015,863.06,472.0,2.0,,0.725,0.07623825895428864,0.04999640417116146,0.030831416569320445,0.0037420513042336623,-0.03551126372798259,0.00774126766930201,
106,0.1276536689884212,True,14,2.6,1.3,18,1.0,0.07,31.709796564999728,1.1916108720874021,0.8266564631915726,19.785015488784403,103,34,69,33.00970873786408,19719.73,16548.8,3170.9300000000003,1564.99,1416,1,51.56114439249985,1.6983895217326523,2.215723383012797,19.75898540398436,56.0,23.0,33.0,41.07142857142857,12539.039999999999,7382.9,5156.139999999999,780.49,529.0,2.0,,0.7,0.07881040597322558,0.03923350848499603,0.005654704495190405,0.011213042088287065,-0.030520206384453998,0.023262214331176118,
28,0.12005721661876788,True,25,2.7,0.9,10,1.1,0.03,51.0820452739997,1.2610111916904654,1.1757389343811773,22.066513820485,133,45,88,33.83458646616541,24678.960000000006,19570.769999999997,5108.19000000001,2239.99,1243,0,40.314272407999724,1.5398247744737943,1.8327580620526414,17.43482628025958,61.0,25.0,36.0,40.98360655737705,11499.55,7468.090000000001,4031.459999999998,852.66,504.0,5.0,,0.7625,0.029258922454832442,-0.012949159620002218,0.022633381722544598,0.024225602013861425,0.042475231855952984,0.014413238191578644,
44,0.11712190564780792,True,10,2.7,0.9,18,0.8500000000000001,0.0,54.05030830349964,1.22042935985896,1.135115890950923,24.080173821159466,145,51,94,35.172413793103445,29925.770000000004,24520.690000000002,5405.080000000002,2619.35,1054,1,42.43886484099981,1.5124554730423239,1.7941966097956195,17.435736562319654,62.0,23.0,39.0,37.096774193548384,12525.400000000001,8281.499999999998,4243.900000000003,887.15,376.0,2.0,,0.775,0.020706015757497934,-0.0030924128011505635,0.022626731839958624,0.016616508545454156,0.05366196758538206,0.006603094720665699,
115,0.11585400006184529,True,16,2.4,0.5,17,1.05,0.05,55.208240607999585,1.2571811096323136,1.2035058964448502,17.07566439637569,154,51,103,33.116883116883116,26987.140000000003,21466.390000000003,5520.75,2656.61,1062,0,38.12315419449984,1.458739496708377,1.7174141126734817,17.829371533434802,67.0,26.0,41.0,38.80597014925373,12122.84,8310.49,3812.3500000000004,927.89,431.0,5.0,,0.8375,0.003919773153139572,-0.02311537970792593,0.019751110695201583,0.023507461627957957,0.058020382223204395,0.033770652070267713,
2,0.11526339152570494,True,44,1.8,1.1,5,0.5,0.24,40.728931189499775,1.229382439043072,0.9842306026216766,24.838734546221353,111,36,75,32.432432432432435,21828.890000000003,17755.979999999996,4072.910000000007,1752.92,1375,1,41.62298545499993,1.687981196756375,1.899441704542587,17.636275528669884,47.0,18.0,29.0,38.297872340425535,10212.320000000002,6050.019999999999,4162.300000000003,654.46,529.0,2.0,,0.5875,0.07555780441813889,-0.006878472584704883,0.021161734737819165,0.018295210892475183,0.0034661585764095286,0.003660955485567066,
45,0.11390920525637782,True,10,2.8,0.30000000000000004,18,1.1500000000000001,0.0,35.54235083749958,1.1546888804745676,0.8740126824083363,22.441783405342346,169,53,116,31.36094674556213,26530.94,22976.7,3554.239999999998,2845.26,984,0,52.16655702599981,1.631976177900108,2.077741763154784,18.802685493901137,65.0,25.0,40.0,38.46153846153846,13471.18,8254.52,5216.66,952.67,362.0,4.0,,0.8125,0.0580562360255555,0.04204150282446549,0.012640761232918999,0.004290168660880597,-0.016077188187655377,0.012957724700212614,
61,0.11390920525637782,True,10,2.8,0.2,18,1.1500000000000001,0.0,35.54235083749958,1.1546888804745676,0.8740126824083363,22.441783405342346,169,53,116,31.36094674556213,26530.94,22976.7,3554.239999999998,2845.26,979,0,52.16655702599981,1.631976177900108,2.077741763154784,18.802685493901137,65.0,25.0,40.0,38.46153846153846,13471.18,8254.52,5216.66,952.67,362.0,4.0,,0.8125,0.0580562360255555,0.04204150282446549,0.012640761232918999,0.004290168660880597,-0.016077188187655377,0.012957724700212614,
81,0.11390920525637782,True,10,2.9000000000000004,0.30000000000000004,18,1.1500000000000001,0.0,35.54235083749958,1.1546888804745676,0.8740126824083363,22.441783405342346,169,53,116,31.36094674556213,26530.94,22976.7,3554.239999999998,2845.26,983,0,52.16655702599981,1.631976177900108,2.077741763154784,18.802685493901137,65.0,25.0,40.0,38.46153846153846,13471.18,8254.52,5216.66,952.67,362.0,4.0,,0.8125,0.0580562360255555,0.04204150282446549,0.012640761232918999,0.004290168660880597,-0.016077188187655377,0.012957724700212614,
91,0.11333141132609414,True,10,2.8,0.2,18,1.2000000000000002,0.01,36.166521079999406,1.1649022849571453,0.8985064454278373,21.38691273638695,160,51,109,31.875,25548.8,21932.139999999996,3616.6600000000035,2655.91,1050,0,50.38607288399988,1.6298160154897485,2.036564973198485,18.802685493901137,63.0,24.0,39.0,38.095238095238095,13038.74,8000.129999999999,5038.610000000001,914.18,398.0,4.0,,0.7875,0.05738118527231814,0.033780376054099795,0.012640761232918999,0.0062051820013639125,-0.013725219296042179,0.01704912606143548,
104,0.10612779019845364,True,18,2.5,1.1,16,0.9,0.02,67.34756987799963,1.3284609412035526,1.360453705247141,15.547280985188127,125,45,80,36.0,27238.709999999995,20503.96,6734.749999999996,2217.5,1168,0,29.84547008749987,1.3696061385128275,1.419172270001766,18.99285602335806,62.0,22.0,40.0,35.483870967741936,11059.460000000001,8074.92,2984.540000000001,822.68,440.0,5.0,,0.775,-0.02393440128296967,-0.061523935460672065,0.011251508662023828,0.03687243004756528,0.10376357726354662,0.03969861096895964,
43,0.10493810981447932,True,19,2.6,0.8,18,0.8500000000000001,0.0,52.90426829549937,1.2285079355481026,1.1254573177356275,19.93433932515116,153,50,103,32.6797385620915,28442.6,23152.149999999998,5290.450000000001,2679.4,911,1,39.789627279999785,1.4701355600165888,1.731605050509934,17.427686022754735,70.0,28.0,42.0,40.0,12442.359999999999,8463.41,3978.949999999999,956.9,345.0,5.0,,0.875,0.007481042936955742,-0.015385507649835964,0.022685543438262516,0.018131241487168395,0.049342739869175714,0.02268304973275291,
47,0.09962924843108059,True,13,2.9000000000000004,0.2,19,1.1500000000000001,0.05,41.75165113799947,1.2032850740200647,1.00185298056912,20.85863073193906,145,48,97,33.10344827586207,24713.489999999998,20538.350000000002,4175.139999999996,2463.75,1110,1,48.50529745199989,1.5733695523686588,2.0516536250083974,21.215165685561086,67.0,27.0,40.0,40.298507462686565,13310.14,8459.64,4850.5,948.13,430.0,4.0,,0.8375,0.03974166554697761,0.025052487501594868,-0.0049831278000895,0.013401954950661293,0.0073181576118079485,0.019098110620128377,
67,0.09658983749289526,True,14,2.6,0.7000000000000001,18,1.3,0.04,35.46289800949955,1.1990453894634747,0.9109073046282392,19.088688574694018,130,44,86,33.84615384615385,21363.019999999997,17816.690000000002,3546.3299999999945,2052.2,1311,0,43.89794040149987,1.614270661772834,1.9719491059839007,18.042601172360243,56.0,23.0,33.0,41.07142857142857,11536.239999999998,7146.41,4389.829999999998,780.78,506.0,5.0,,0.7,0.05252326223578234,0.0036784169073550707,0.01819340443590802,0.012607014096300675,-0.016375234870331875,0.025962974687881026,
40,0.09458188851289714,True,19,2.4,0.9,19,1.0,0.02,49.147890930999566,1.234016071064656,1.134842022120345,18.234625385895466,139,46,93,33.093525179856115,25916.460000000006,21001.72,4914.740000000005,2375.47,1149,0,37.42828953449974,1.493388452630316,1.6892317117690947,17.446289660413626,61.0,24.0,37.0,39.34426229508197,11328.8,7585.97,3742.829999999999,810.28,452.0,5.0,,0.7625,0.014747571878745494,-0.026340954170581573,0.02254963830343734,0.019164016896522154,0.03518608763803336,0.029275527966740364,
120,0.08815547729983006,True,12,2.7,0.7000000000000001,19,1.0,0.01,49.096232545999605,1.2018048530859458,1.0832289075159565,22.573196780945356,153,51,102,33.333333333333336,29238.530000000002,24328.84999999999,4909.680000000011,2782.24,1031,1,44.74205660949983,1.5221026001274272,1.9166039629329759,21.04309954986528,68.0,27.0,41.0,39.705882352941174,13043.78,8569.580000000002,4474.199999999999,942.5,367.0,4.0,,0.85,0.023720742971592712,0.007592998573267809,-0.0037261332380927256,0.013124413525513995,0.034995428192478285,0.012448027275069986,
113,0.08314300878483755,True,14,2.5,1.3,18,1.05,0.01,29.82922020399961,1.1852053984816848,0.7897336144286883,19.78140357337179,100,32,68,32.0,19088.93,16106.01,2982.92,1513.63,1415,1,47.61176598299988,1.6410670357738661,2.0702893499687596,19.75898540398436,57.0,23.0,34.0,40.35087719298246,12188.09,7426.93,4761.16,783.36,530.0,3.0,,0.7125,0.0608971291111049,0.020907308812100484,0.005654704495190405,0.01001201578721507,-0.03760437285853537,0.023276223437762065,
132,0.08288588789535692,True,11,2.5,0.30000000000000004,20,1.25,0.05,42.00271761599959,1.2102194099120092,0.9990517936749898,22.48969980186268,139,48,91,34.53237410071942,24180.68,19980.409999999996,4200.270000000004,2336.8,1167,1,45.70427967249994,1.574423935912163,1.969158758255006,21.215165685561086,64.0,25.0,39.0,39.0625,12527.029999999999,7956.580000000001,4570.449999999998,886.35,444.0,3.0,,0.8,0.04007116040432267,0.01205878600178617,-0.0049831278000895,0.014702142930400883,0.008265049285089813,0.012771877073846881,
135,0.07726123191473068,True,10,2.5,0.2,20,1.1500000000000001,0.08,25.587801267999733,1.1273544899807877,0.6997888319289045,23.638026383205588,147,47,100,31.972789115646258,22650.129999999997,20091.4,2558.729999999996,2316.19,1094,1,52.83655957399985,1.6551803670209404,2.103320727411302,18.76587230885136,62.0,23.0,39.0,37.096774193548384,13348.020000000002,8064.39,5283.630000000002,904.65,422.0,2.0,,0.775,0.0653075451258156,0.04514876291888509,0.01290969255534468,-0.0008350295567031429,-0.053587738512705894,0.008317999384094341,
138,0.07324519896551758,True,13,2.5,0.8,19,1.25,0.07,50.30775367549965,1.26808028553737,1.1650382079206354,20.332984052478896,116,42,74,36.206896551724135,23796.82,18766.02,5030.799999999999,2026.48,1335,1,37.716064106499815,1.478612652213858,1.7261708541981746,20.276764941813056,58.0,22.0,36.0,37.93103448275862,11652.0,7880.360000000001,3771.6399999999994,801.83,506.0,2.0,,0.725,0.010130134248602374,-0.025004233798471266,0.0018721701764416471,0.025551057110156053,0.03955919737146158,0.021136873857327196,
126,0.06646367900172083,True,10,2.6,0.1,20,1.1500000000000001,0.09,23.21524844499974,1.1171922562406924,0.653750060250008,23.626198547887626,146,46,100,31.506849315068493,22131.019999999997,19809.5,2321.519999999997,2267.67,1117,1,52.83655957399985,1.6551803670209404,2.103320727411302,18.76587230885136,62.0,23.0,39.0,37.096774193548384,13348.020000000002,8064.39,5283.630000000002,904.65,428.0,2.0,,0.775,0.0653075451258156,0.04514876291888509,0.01290969255534468,-0.0027404483829710086,-0.06252574781708774,0.0083638746017342,
118,0.0651588565324439,True,11,2.7,0.4,19,0.8,0.0,42.258387964499505,1.1541636295581255,0.9381193855050377,25.75067984287382,184,58,126,31.52173913043478,31636.710000000003,27410.94,4225.770000000004,3249.98,622,1,47.839627310499786,1.5206901843662555,1.9314890485110319,19.660554092885192,75.0,27.0,48.0,36.0,13971.63,9187.689999999999,4783.9400000000005,1106.08,223.0,4.0,,0.9375,0.02327936304622656,0.02196425050167609,0.006373774649707064,0.004191684114047689,0.00922588245933094,0.00012390176145554965,
86,0.06374271415329227,True,12,2.7,1.2000000000000002,19,0.75,0.04,25.172481758499632,1.1276483751865478,0.6732105341852616,23.18159848017322,124,41,83,33.064516129032256,22237.35,19720.110000000004,2517.2399999999943,1872.01,1252,1,49.85724336199976,1.6475302741426874,2.0143686167751094,18.433093813139884,57.0,22.0,35.0,38.59649122807018,12685.390000000001,7699.639999999999,4985.750000000002,804.36,448.0,2.0,,0.7125,0.06291689110136153,0.03132778879725328,0.01534073895368014,-0.0007799260806231195,-0.05515107060679476,0.010088291988415191,
109,0.06134805430048821,True,21,2.6,1.0,18,1.1,0.03,39.02142360999951,1.1999509104120143,0.9751786223512515,20.140703160544106,132,42,90,31.818181818181817,23417.449999999997,19515.34,3902.109999999997,2219.77,1259,0,38.42103971199978,1.5386536078196063,1.7337427522041193,17.453239936740097,58.0,23.0,35.0,39.6551724137931,10974.970000000001,7132.84,3842.130000000001,778.58,501.0,5.0,,0.725,0.02889293287539868,-0.021733653478094445,0.022498864457024044,0.012776799274151845,-0.0029695397043902594,0.021882650876398346,
24,0.05967355118576244,True,29,2.6,1.7000000000000002,11,0.7000000000000001,0.05,51.16061411399971,1.2804239880595774,1.1275886001265396,22.65102482589292,102,35,67,34.31372549019608,23359.940000000002,18243.91,5116.0300000000025,1731.84,1385,1,30.77361425249992,1.4828801998421473,1.4482900258089493,17.433581709567843,47.0,16.0,31.0,34.04255319148936,9450.439999999999,6373.03,3077.409999999999,613.46,508.0,4.0,,0.5875,0.011463742882442743,-0.05721497256730588,0.022642473683523474,0.02786550133306992,0.04277064095736647,0.012146164896665708,
112,0.05533710915967502,True,17,2.3,1.1,17,0.8500000000000001,0.02,67.15842862699964,1.32260078932907,1.363078063671037,19.27690728122922,118,42,76,35.59322033898305,27533.479999999996,20817.68,6715.799999999996,2186.48,1234,1,28.015093522999905,1.357386970315875,1.35825270130891,22.031956290261586,60.0,21.0,39.0,35.0,10640.380000000001,7838.869999999999,2801.510000000002,762.36,450.0,5.0,,0.75,-0.027752891344517347,-0.07001612323253407,-0.01095002735441943,0.03577365157109981,0.1030495463360223,0.02523295318402376,
148,0.04716744585244303,True,13,2.3,0.30000000000000004,18,1.1,0.1,37.88285776599963,1.1840714070532445,0.9269842930205207,20.30175317431428,146,50,96,34.24657534246575,24368.9,20580.6,3788.300000000003,2369.13,1121,1,42.44026081149983,1.504063099785265,1.8533769327710188,19.387300728637133,66.0,25.0,41.0,37.878787878787875,12663.730000000001,8419.68,4244.050000000001,925.71,435.0,4.0,,0.825,0.018083399114667068,-0.003085453132430896,0.0083699721671219,0.009799392394382517,-0.007257870040091324,0.021258005348793765,
111,0.0460628906772963,True,20,2.4,1.2000000000000002,17,1.05,0.02,45.608410251499606,1.242919048821253,1.092209006060387,19.14198129757753,124,42,82,33.87096774193548,23335.83,18775.02,4560.810000000001,2037.8,1340,0,31.957936096999784,1.4680314171857216,1.5345665701362319,17.449933002866096,54.0,21.0,33.0,38.888888888888886,10023.879999999997,6828.11,3195.7699999999977,700.12,522.0,5.0,,0.675,0.00682349830230973,-0.051723329969493595,0.022523022597611627,0.02083332522588409,0.021850099976889574,0.025756274544094872,
127,0.03956129384935243,True,10,2.6,0.4,20,1.2000000000000002,0.07,33.58340225249969,1.153147845231912,0.826330710293424,22.498947546094797,158,54,104,34.177215189873415,25287.16,21928.809999999998,3358.350000000002,2537.87,1161,1,45.281464512499845,1.5638056532966775,1.9349465717654935,20.61068821824971,60.0,22.0,38.0,36.666666666666664,12559.580000000002,8031.42,4528.160000000002,831.26,447.0,2.0,,0.75,0.036752947086983456,0.010096623400726151,-0.0005672391873338575,0.004001224552882654,-0.023458270952443246,0.012736008948537273,
4,0.03238571289474908,True,28,2.7,1.2000000000000002,11,0.9500000000000001,0.02,39.83469496749951,1.1823037540084878,0.9596419531388292,26.001802737484326,146,46,100,31.506849315068493,25833.94,21850.51,3983.4300000000003,2426.62,1168,0,37.984693995499875,1.5308615231959304,1.7355038557372073,17.662061468275887,62.0,24.0,38.0,38.70967741935484,10953.85,7155.349999999999,3798.500000000001,826.5600000000001,455.0,7.0,,0.775,0.026457906430499972,-0.023757989119717906,0.020973360740055742,0.009467957448490619,9.457612813098822e-05,-0.0008500987327103376,
90,0.030896079156500753,True,10,2.7,0.6000000000000001,6,0.2,0.05,48.66747929349937,1.168263290039878,1.0264391066847416,23.759224011350984,178,59,119,33.146067415730336,33790.310000000005,28923.539999999997,4866.770000000008,3270.51,563,1,39.49642363899974,1.4284451300208711,1.6463103270481683,19.831180108870985,70.0,24.0,46.0,34.285714285714285,13168.150000000001,9218.52,3949.630000000001,990.11,198.0,4.0,,0.875,-0.00554721643670604,-0.01674589089559337,0.005127300592728854,0.00683537045437628,0.03337859087849043,0.007847924563204595,
46,0.030694846433781814,True,11,2.8,0.30000000000000004,17,1.4000000000000001,0.01,29.73571824349954,1.155917665799406,0.8222159759289414,19.935975441895884,147,48,99,32.6530612244898,22045.13,19071.54,2973.59,2375.99,1251,0,41.523990557499786,1.5353272955812678,1.7864925468514241,17.666922180581963,62.0,22.0,40.0,35.483870967741936,11909.15,7756.75,4152.4,882.94,472.0,3.0,,0.775,0.027853460300917912,-0.007337810720209784,0.02093785178350563,0.004520565909287774,-0.03795592476111064,0.022676703921390925,
119,0.028040182171837662,True,13,2.7,0.6000000000000001,18,0.7000000000000001,0.0,35.27753616349945,1.1296851656883389,0.8250107554213509,25.075250154155903,182,58,124,31.86813186813187,30730.69,27202.88,3527.8099999999977,3140.15,629,1,45.56908889899971,1.4949445689279706,1.859861183544882,18.328780224394038,73.0,27.0,46.0,36.986301369863014,13763.85,9206.93,4556.92,1062.99,223.0,5.0,,0.9125,0.015233858221762528,0.011431023883263107,0.016102780904966266,-0.0003980278615372951,-0.017073063512957076,0.0027436105363401312,
30,0.014738815875767667,True,15,2.1,0.7000000000000001,9,0.8,0.1,37.66830177199954,1.1678753003757818,0.8992855204020586,23.721120982966386,149,52,97,34.899328859060404,26205.440000000002,22438.56,3766.880000000001,2402.59,1085,0,39.80574628949986,1.4653886354442636,1.7292004798126968,18.15706124211459,63.0,21.0,42.0,33.333333333333336,12533.85,8553.259999999998,3980.590000000002,935.66,398.0,4.0,,0.7875,0.005997629008104091,-0.015309415271833016,0.017357239407471855,0.006762622392358253,-0.008064969906453943,0.007995710246120427,
65,0.014266826232534698,True,12,2.7,0.8,19,1.4500000000000002,0.03,41.017950859999495,1.2386148330466376,1.017366632016967,23.202882265412967,115,42,73,36.52173913043478,21291.949999999997,17190.13,4101.819999999996,1924.15,1398,0,37.0381208354999,1.514794059026127,1.746889899505843,22.395665944921436,56.0,21.0,35.0,37.5,10898.609999999999,7194.780000000001,3703.829999999998,743.85,534.0,2.0,,0.7,0.021436823877436437,-0.02815046803772154,-0.013607035116024528,0.020026284768143707,0.004555479637872289,0.010005741102828333,
71,-0.0038132429080347226,True,41,2.0,1.0,3,0.7000000000000001,0.04,31.055376966999503,1.1312916001515194,0.7618542178318563,29.134442102907933,151,45,106,29.801324503311257,26759.300000000003,23653.76,3105.5400000000045,2426.9900000000002,807,1,44.6842275634998,1.5416083856751182,1.8425249122747467,19.831180108870985,67.0,25.0,42.0,37.3134328358209,12718.67,8250.26,4468.41,949.55,284.0,6.0,,0.8375,0.02981630095524615,0.007324355360684773,0.005127300592728854,-9.682139969094394e-05,-0.03298408408106668,-0.013000294335936878,
54,-0.0054897048999036305,True,10,2.7,1.0,16,0.15000000000000002,0.06,39.7978721084997,1.1890339621530241,0.9134667220961683,26.43373467679091,130,46,84,35.38461538461539,25033.599999999995,21053.730000000003,3979.8699999999917,2023.12,1083,1,36.58345951599989,1.4547366536895332,1.5849220578803573,18.625039829807793,56.0,19.0,37.0,33.92857142857143,11703.24,8044.92,3658.3199999999997,762.63,385.0,2.0,,0.7,0.0026688847097508517,-0.030262031527299355,0.013938515917910625,0.010729871475591193,-3.9563718939861495e-05,-0.002525381756917083,
39,-0.010414813318738848,True,36,1.7,0.30000000000000004,12,0.35000000000000003,0.18,34.79378575349947,1.1313925148165183,0.8204787374563681,24.81591424216868,191,60,131,31.413612565445025,29959.929999999997,26480.58,3479.349999999995,3156.03,603,1,39.46254805999981,1.4644981314186505,1.6905276042632607,18.343458872605378,74.0,26.0,48.0,35.13513513513514,12442.01,8495.75,3946.26,1057.32,245.0,7.0,,0.925,0.005719346500100003,-0.016902251452830884,0.01599554899146681,-7.78999000036612e-05,-0.018899023341338556,0.0037494658838674397,
107,-0.01626279646683456,True,11,2.5,0.7000000000000001,16,0.9500000000000001,0.04,59.959633826999756,1.2353733437280907,1.2251000106632428,23.9789316522551,150,52,98,34.666666666666664,31470.37,25474.38,5995.989999999998,2791.04,1064,0,23.483260777499837,1.300795690054899,1.1553852493076844,18.086053811207652,63.0,21.0,42.0,33.333333333333336,10155.39,7807.06,2348.329999999999,827.31,388.0,2.0,,0.7875,-0.04543766642607236,-0.09104267436870013,0.017875969918565434,0.019418505520916174,0.07592729821247311,0.00699577067598321,
33,-0.01650238219243925,True,24,2.8,0.9,10,0.4,0.02,48.229222252999385,1.1718600947663285,1.0178358985438323,26.24452262008977,176,58,118,32.95454545454545,32885.57,28062.710000000003,4822.859999999997,3140.7400000000002,518,1,35.89355513249976,1.3806488285305543,1.529726637023846,20.53304058322357,76.0,25.0,51.0,32.89473684210526,13018.980000000001,9429.61,3589.370000000001,1056.5,200.0,8.0,,0.95,-0.020483560652430066,-0.03346115924881976,0.0,0.0075097713405857525,0.03172407383217913,-0.001791507463954306,
22,-0.017006021963295842,True,35,3.0,1.4000000000000001,7,0.25,0.04,44.9248002809995,1.177238476226546,0.9840197545711845,26.288473973722997,156,51,105,32.69230769230769,29840.170000000002,25347.600000000002,4492.57,2691.29,796,1,35.06121871799982,1.4285333649482572,1.5262633338325549,20.53304058322357,67.0,23.0,44.0,34.32835820895522,11687.960000000001,8181.79,3506.170000000001,914.2,297.0,5.0,,0.8375,-0.005519643021897891,-0.03732145549871826,0.0,0.008518217864376537,0.01927883504315561,-0.001961976350211841,
9,-0.02296121686217223,True,34,2.9000000000000004,0.5,5,0.05,0.14,25.01572478599948,1.099143009900786,0.6567627646571363,26.22746789878082,183,54,129,29.508196721311474,27732.84,25231.33,2501.5099999999984,2907.7,750,1,43.804151160999844,1.5146521824949246,1.8346581346061048,18.342892278075595,68.0,25.0,43.0,36.76470588235294,12891.75,8511.359999999999,4380.390000000001,1012.39,309.0,6.0,,0.85,0.02139248746143567,0.003240421755924424,0.01599968813389547,-0.006124682071703469,-0.055743772796238246,-0.0017253593454860758,
17,-0.036183492635113994,True,29,2.7,1.1,12,0.75,0.17,23.72330349649974,1.1246855085603167,0.6650914351265351,29.242924979232264,131,39,92,29.770992366412212,21399.110000000004,19026.75,2372.360000000004,1947.53,1258,1,37.334150025999826,1.550315220964221,1.696819622425744,15.957735767425588,51.0,19.0,32.0,37.254901960784316,10517.54,6784.13,3733.4100000000008,698.92,497.0,6.0,,0.6375,0.0325371869830908,-0.026778021366182982,0.03342396950846298,-0.0013354635730414566,-0.06061011022577692,-0.013421053961666414,
53,-0.04268423640838516,True,15,2.5,0.0,17,1.05,0.0,48.83958338649927,1.2044118724194146,1.1013037554133478,22.989071060125145,169,57,112,33.72781065088758,28776.23,23892.35,4883.880000000001,3033.3,932,0,27.71511375899987,1.3299841290818801,1.3432542047434375,19.63408190057016,69.0,24.0,45.0,34.78260869565217,11170.55,8399.009999999998,2771.540000000001,925.75,368.0,5.0,,0.8625,-0.03631627923014073,-0.07140666504274396,0.006567161928671452,0.013613229650539405,0.03402329109853982,0.010835025186748849,
21,-0.04378124036823282,True,32,2.8,0.6000000000000001,5,0.05,0.11,46.10658774599928,1.1614240865411714,0.9948275681697568,25.024419958880777,190,60,130,31.57894736842105,33173.28,28562.590000000004,4610.689999999995,3361.33,618,1,30.43542885349976,1.3399095156035887,1.386451394849591,18.343458872605378,76.0,25.0,51.0,32.89473684210526,11997.59,8954.029999999999,3043.5600000000013,1068.36,242.0,7.0,,0.95,-0.033214595942106795,-0.05878553780840029,0.01599554899146681,0.005553019798368794,0.023729565025169635,0.0029407595672690267,
23,-0.05067310276599539,True,44,3.0,1.4000000000000001,7,0.30000000000000004,0.04,24.04238847499966,1.0998353559156642,0.6386178728334281,31.699754140513072,160,49,111,30.625,26486.510000000002,24082.249999999996,2404.2600000000057,2521.74,726,1,44.0631872124998,1.5362051299524677,1.806746710007317,19.833795809966333,68.0,25.0,43.0,36.76470588235294,12623.949999999999,8217.62,4406.329999999998,953.25,264.0,6.0,,0.85,0.02812778354191789,0.0044439804665296545,0.005108192114239667,-0.005994867193913803,-0.05940812676466738,-0.02295006493010142,
75,-0.05268588778259269,True,11,3.0,1.2000000000000002,16,1.35,0.03,40.10434468449971,1.2374751006042175,1.0106474144728246,20.88061797978823,113,40,73,35.39823008849557,20898.43,16887.96,4010.470000000001,1757.07,1438,0,29.74034605349985,1.3890140248161549,1.481747380567577,22.277426834492204,61.0,21.0,40.0,34.42622950819672,10619.04,7645.02,2974.0200000000004,791.06,531.0,2.0,,0.7625,-0.017869436813179873,-0.062012040226885216,-0.012743263065679682,0.019812584935189947,0.0011134360901498494,0.01901283129781228,
84,-0.05846598975751467,True,14,1.8,0.6000000000000001,8,1.05,0.03,40.68928323649945,1.1819940431595857,0.9571935218099797,22.747705640239765,149,50,99,33.557046979865774,26426.420000000002,22357.489999999998,4068.930000000004,2470.73,1184,0,32.77639919899986,1.3884411134852888,1.518243727269061,22.85894508497163,67.0,22.0,45.0,32.83582089552239,11715.680000000002,8438.01,3277.670000000002,907.14,448.0,3.0,,0.8375,-0.018048471604075536,-0.047923350848499566,-0.016991427735610888,0.009409886664321479,0.0033161932417631454,0.011771180524586693,
41,-0.06065755349455385,True,17,2.4,1.1,20,1.0,0.02,61.63417228849967,1.3342262794028252,1.3377365298086124,17.875072913680697,117,41,76,35.042735042735046,24604.239999999998,18440.829999999998,6163.41,1987.74,1281,1,19.7817089964998,1.2616955834397179,1.0521312811081815,26.780967529192573,61.0,22.0,39.0,36.0655737704918,9537.220000000001,7559.050000000001,1978.17,718.68,480.0,5.0,,0.7625,-0.057656449743316435,-0.10821728085743121,-0.045642974214986774,0.0379534309599289,0.08223563899802024,0.030670081363231433,
62,-0.06161110775562077,True,10,2.9000000000000004,0.5,17,1.1,0.0,16.175148203499464,1.0750109905194016,0.5063077898545696,22.47655719149357,174,55,119,31.60919540229885,23181.579999999998,21564.04,1617.5399999999972,2576.87,986,0,40.03310675899986,1.4932268187177589,1.722622648814812,17.134795243419383,63.0,23.0,40.0,36.507936507936506,12119.88,8116.57,4003.3099999999995,902.3,358.0,4.0,,0.7875,0.014697061281071372,-0.014255257449745463,0.02482519814367417,-0.010649435705713028,-0.08905152577796106,0.012822851753053244,
80,-0.06224083944557876,True,19,2.8,0.7000000000000001,19,1.0,0.21,8.356240961999738,1.060694783602828,0.35319416024175687,23.768562987518198,114,34,80,29.82456140350877,14603.369999999999,13767.74,835.6299999999992,1471.71,1440,0,34.46980796099986,1.6166000339871385,1.68701789626122,13.878963069154308,44.0,17.0,27.0,38.63636363636363,9037.359999999999,5590.349999999999,3447.0099999999993,563.67,586.0,2.0,,0.55,0.0532511910527525,-0.040066348841795205,0.0486100255373718,-0.013333724502570588,-0.11851368527877984,0.007811702587442574,
26,-0.07299525459723674,True,29,2.6,1.8,16,0.8,0.04,48.3623709569998,1.285209049863417,1.1695936849963442,22.30326729232924,99,34,65,34.343434343434346,21792.93,16956.72,4836.209999999999,1711.02,1482,0,21.549402088999905,1.3604366820991787,1.1438191650057576,23.36182122126878,45.0,15.0,30.0,33.333333333333336,8133.67,5978.719999999999,2154.9500000000007,546.22,551.0,0.0,,0.5625,-0.026799856412234938,-0.10001507928222615,-0.020665088250664043,0.028762700421289852,0.03222709825869368,0.013494970667904865,
14,-0.0771768541603034,True,16,2.0,0.0,11,0.65,0.09,30.037446888999348,1.1162204556235593,0.7433023352982002,24.470512459176007,181,54,127,29.834254143646408,28848.74,25845.02,3003.720000000001,2942.72,557,0,36.71213888099966,1.4081336117095904,1.581300839396367,20.664767923949775,74.0,25.0,49.0,33.78378378378378,12666.19,8995.02,3671.17,1045.76,223.0,5.0,,0.925,-0.011894565908981275,-0.02966581990697247,-0.0009623076050935548,-0.002922660998683463,-0.03682063442621315,0.00508913468564051,
85,-0.07899990445335571,True,11,2.6,0.1,17,0.8,0.06,44.02980603599963,1.167983237424921,0.9718736523771894,24.265773244780224,171,54,117,31.57894736842105,30613.74,26210.770000000004,4402.9699999999975,3005.06,689,1,27.341041244999815,1.3147674000939429,1.2791207327349086,19.623338038784297,70.0,22.0,48.0,31.428571428571427,11420.280000000002,8686.16,2734.1200000000026,955.83,292.0,3.0,,0.875,-0.04107150703887112,-0.0731428703993689,0.006645649050992539,0.006782860589071862,0.01590273102699846,0.005883232317821453,
87,-0.09061297856346325,True,15,2.7,0.8,4,0.9,0.08,40.132094672499555,1.16252222262719,0.9251826973675079,24.826729586532377,154,51,103,33.116883116883116,28706.51,24693.300000000003,4013.2099999999955,2642.58,1038,1,27.562355727999876,1.302684277052797,1.2923558673953492,18.388304385570436,68.0,21.0,47.0,30.88235294117647,11862.230000000001,9105.990000000002,2756.24,952.88,386.0,3.0,,0.85,-0.04484748298922918,-0.07211655125216045,0.01566793911228239,0.005758920314497304,0.001216678556715153,0.0037075176944315357,
50,-0.0915695377829917,True,13,2.3,0.6000000000000001,20,0.8500000000000001,0.11,27.975745611999592,1.1291909667271771,0.7262029958547714,22.37344426843881,146,47,99,32.19178082191781,24452.19,21654.61,2797.579999999998,2282.28,1057,1,36.49331002099978,1.4155244382604575,1.5974573177253468,23.195629548720294,68.0,25.0,43.0,36.76470588235294,12431.9,8782.54,3649.3599999999988,894.54,375.0,3.0,,0.85,-0.009584932611835309,-0.030677755738826935,-0.019451008398182732,-0.0004906901667551256,-0.0445879344473139,0.0132227835799223,
82,-0.10012205271868226,True,11,2.8,0.9,14,1.25,0.01,40.30487677649953,1.1931201922754415,0.9732437424017534,22.91643005868725,134,45,89,33.582089552238806,24900.49,20870.06,4030.4300000000003,2232.49,1295,0,25.629335837499823,1.3087777297200915,1.2985266176209054,20.611193956612034,68.0,23.0,45.0,33.8235294117647,10863.13,8300.21,2562.92,880.62,479.0,2.0,,0.85,-0.042943279030699666,-0.08108617229819864,-0.0005709337572657298,0.011496039623544452,0.0018655235473205196,0.01111676919661681,
12,-0.10376617495067106,True,42,2.2,1.1,9,0.9,0.0,30.33800591999952,1.1528390505280415,0.7842918039977966,24.637745257127115,134,41,93,30.597014925373134,22883.589999999997,19849.769999999997,3033.8199999999997,2176.25,1075,0,33.64379750899968,1.4628214228722674,1.5545741802322153,25.70158792484833,65.0,25.0,40.0,38.46153846153846,10633.6,7269.24,3364.3600000000006,815.83,409.0,6.0,,0.8125,0.005195375079355274,-0.04390112630638783,-0.0377577835148855,0.003943325545906942,-0.035686474483285435,0.004440508728625486,
15,-0.12040544605163243,True,42,2.5,1.1,18,0.65,0.23,8.38914155799981,1.0533451777844052,0.3471392236817186,30.57184861376221,116,34,82,29.310344827586206,16564.98,15726.07,838.9099999999999,1584.53,1454,1,35.97113965649987,1.5567464745787372,1.7736799905435259,16.450063554633093,53.0,20.0,33.0,37.735849056603776,10058.03,6460.93,3597.1000000000004,702.86,553.0,4.0,,0.6625,0.03454695373762709,-0.03310250432079436,0.02982736783703473,-0.014711775593524865,-0.11839009575675978,-0.018575391955215244,
78,-0.1313037991572376,True,13,2.8,1.0,20,0.8500000000000001,0.05,40.658725430999624,1.186341581011473,0.9455439892408758,21.56548659885783,136,46,90,33.8235294117647,25884.870000000003,21819.07,4065.800000000003,2274.79,1131,1,24.341771532999772,1.2836571740209615,1.1810424332381904,23.71296206339231,65.0,22.0,43.0,33.84615384615385,11015.55,8581.380000000001,2434.1699999999983,824.47,401.0,2.0,,0.8125,-0.050793452686677815,-0.08705988794933373,-0.023230277079130317,0.010225050011550357,0.003198255679591549,0.016356512866762343,
66,-0.13980164963825428,True,16,2.7,1.1,20,1.3,0.06,65.20155323999963,1.368333490568436,1.4631933440632754,18.153074077219884,109,40,69,36.69724770642202,24221.87,17701.73,6520.139999999999,1949.39,1406,1,11.52977890699989,1.16103154263528,0.7462066133711135,30.63561124900841,60.0,21.0,39.0,35.0,8313.16,7160.15,1153.0100000000002,671.34,547.0,4.0,,0.75,-0.08911396249470328,-0.14650288246279478,-0.07380229896909983,0.044348533053480896,0.09567712990966876,0.029591831325193958,
88,-0.14790058084407073,True,44,2.6,0.4,20,1.1,0.02,16.504535189499713,1.1054255405451157,0.5533914301346302,29.78996363701726,148,45,103,30.405405405405407,17305.47,15655.03,1650.4400000000005,2052.89,1403,1,30.32867654449983,1.4780373934890818,1.5916589642106016,19.200864940176963,57.0,22.0,35.0,38.59649122807018,9377.29,6344.42,3032.870000000001,753.08,515.0,6.0,,0.7125,0.009950365897109792,-0.05928153019916252,0.009731941338500949,-0.0049467075758916484,-0.08781186258452826,-0.015542787720099031,
32,-0.15806879866103588,True,30,2.7,1.6,14,1.05,0.06,46.80628539649957,1.266756332405331,1.1512489081690114,22.81039587956914,105,35,70,33.333333333333336,22227.33,17546.65,4680.68,1833.88,1506,0,13.030946716999933,1.2297158652201965,0.7876987171423264,22.460034379276422,44.0,14.0,30.0,31.818181818181817,6975.76,5672.66,1303.1000000000004,516.11,571.0,5.0,,0.55,-0.06765011168691687,-0.13953903794179398,-0.014077265772517588,0.025302815897898734,0.026366769490469306,0.011528031351824517,
73,-0.20426334380909172,True,17,2.7,0.1,6,0.9,0.01,44.022007707999215,1.1662346715364298,0.9792943385021518,22.948329036005884,184,60,124,32.608695652173914,30883.97,26481.780000000002,4402.189999999999,3199.91,650,0,19.474648004999835,1.1998233077769207,1.0054344998081681,27.507382220502574,83.0,27.0,56.0,32.53012048192771,11693.190000000002,9745.76,1947.430000000002,1081.65,239.0,4.0,,1.0375,-0.07699153588794055,-0.1096435489670691,-0.05094965070329641,0.006455004484979751,0.015873340835786422,0.010993046428448165,
31,-0.20433958981767264,True,25,2.7,0.0,11,1.35,0.02,6.156588498499641,1.0464185541514612,0.2986086823779399,20.70177526142919,110,32,78,29.09090909090909,13878.439999999999,13262.8,615.6399999999994,1569.14,1460,0,22.801080438499813,1.3710547513852613,1.305648176976762,15.542816941052687,54.0,20.0,34.0,37.03703703703704,8425.2,6145.05,2280.1500000000005,708.53,570.0,5.0,,0.675,-0.023481709760334105,-0.09420607579079238,0.03645507557888034,-0.016010517524701853,-0.12680284959255653,0.019706487271831885,
93,-0.20927735049081378,True,27,2.8,1.0,19,1.4000000000000001,0.03,32.444174909499594,1.229132414673695,0.9868351449923789,17.511074811331106,105,35,70,33.333333333333336,17404.219999999998,14159.759999999998,3244.459999999999,1733.85,1511,0,13.737062073999931,1.2170740225118954,0.8501970526931969,23.817428861167567,49.0,17.0,32.0,34.69387755102041,7701.9000000000015,6328.21,1373.6900000000014,572.39,589.0,8.0,,0.6125,-0.07160068753326095,-0.13626381784227068,-0.023993438268179516,0.018248331323216987,-0.027749615666730506,0.032081877496410886,
105,-0.21475484372709863,True,18,2.5,1.4000000000000001,19,1.05,0.05,39.633375895499654,1.2326577574795199,0.9983309450247589,18.073079429673093,104,33,71,31.73076923076923,20998.139999999996,17034.85,3963.2899999999972,1675.96,1458,0,12.004062161499897,1.1786868945478797,0.759907783894872,25.32450499189183,54.0,18.0,36.0,33.333333333333336,7918.5599999999995,6718.119999999999,1200.4400000000005,616.18,558.0,5.0,,0.675,-0.08359666502201588,-0.14430223521360383,-0.03500307995725998,0.018909333099309145,-0.0006642936808580028,0.029902097047329913,
59,-0.2372585148289941,True,14,2.2,0.6000000000000001,5,0.6000000000000001,0.42,30.58239001249993,1.1401009405511737,0.7876020290109037,26.122741178543567,131,41,90,31.297709923664122,24886.91,21828.69,3058.220000000001,2041.78,1511,0,12.26832934849981,1.1744154636624975,0.7327808627451606,17.072061192558646,52.0,16.0,36.0,30.76923076923077,8260.580000000002,7033.780000000001,1226.800000000001,653.79,569.0,0.0,,0.65,-0.0849314871736978,-0.14307918943058306,0.025283489140127905,0.001554929925244239,-0.03476708901459975,-0.0013191682754856084,
79,-0.3348852429559199,True,31,2.7,1.6,18,1.2000000000000002,0.02,22.33320119349955,1.1390349662104327,0.7018190734617582,24.35756450883399,101,33,68,32.67326732673267,18295.920000000002,16062.649999999998,2233.270000000004,1621.65,1566,0,11.371489404999958,1.2052861893294147,0.7177152673582512,27.841898772469083,43.0,14.0,29.0,32.55813953488372,6676.490000000001,5539.340000000001,1137.1499999999996,494.77,582.0,5.0,,0.5375,-0.07528438540278619,-0.14723875143543172,-0.05339339412218263,0.001355059736355288,-0.06585098419460825,0.005527212462733588,
76,-0.4107821268288504,True,16,2.9000000000000004,0.5,19,0.45,0.33,0.2215656004999073,1.00103843183648,0.1546636831166571,33.86051949257063,144,40,104,27.77777777777778,21323.47,21301.35,22.12000000000262,2017.57,1448,0,12.227646246999921,1.178379017116648,0.7415915000615386,17.6317359715389,56.0,18.0,38.0,32.142857142857146,8077.47,6854.7300000000005,1222.7399999999998,692.11,556.0,1.0,,0.7,-0.08369287671927579,-0.14326756446393155,0.021194897559802955,-0.024519290458760834,-0.14916652432101113,-0.03133076842567403,
52,-1.0034013605442178,True,11,2.7,1.3,19,1.1,0.03,52.26540242649962,1.301704979051432,1.199726056713372,22.05562969619066,97,35,62,36.08247422680412,22549.929999999997,17323.38,5226.549999999996,1674.72,1427,1,54.91555016549986,1.7711763607230975,2.249898967576243,18.424077868558086,52.0,20.0,32.0,38.46153846153846,12612.6,7121.030000000001,5491.57,748.42,534.0,2.0,0.010204081632653073,0.65,,,,,,,
69,-1.010204081632653,True,14,2.7,1.5,17,1.2000000000000002,0.02,41.04966373799962,1.2591062528719381,1.0135622764011099,20.87877362149184,95,32,63,33.68421052631579,19947.97,15842.96,4105.010000000002,1526.37,1508,0,49.92367324499994,1.7330293953543012,2.183741068564898,17.551707343701285,51.0,21.0,30.0,41.1764705882353,11802.970000000001,6810.5999999999985,4992.370000000003,705.66,566.0,3.0,0.030612244897959218,0.6375,,,,,,,
48,-1.0136054421768708,True,15,2.9000000000000004,0.9,17,1.25,0.2,7.435149403499891,1.0534515218411757,0.3277761125676776,20.863347565712456,94,29,65,30.851063829787233,14654.68,13911.11,743.5699999999997,1300.32,1544,0,21.59269397399985,1.3298821178454883,1.1676364421199559,15.43503332321174,43.0,14.0,29.0,32.55813953488372,8704.77,6545.52,2159.25,559.87,608.0,2.0,0.04081632653061229,0.5375,,,,,,,
110,-1.0136054421768708,True,16,2.4,1.5,20,0.9,0.0,63.04270573649966,1.3894964595050288,1.3650523551791784,16.02997643426085,94,32,62,34.04255319148936,22489.82,16185.590000000002,6304.229999999998,1614.0,1499,0,28.430562682999934,1.3983424872499022,1.3930198115662766,21.578672326523492,54.0,19.0,35.0,35.18518518518518,9980.250000000002,7137.2,2843.050000000002,669.62,563.0,2.0,0.04081632653061229,0.675,,,,,,,
68,-1.0170068027210883,True,12,2.8,1.3,19,1.2000000000000002,0.07,38.4001588064997,1.2353797880745827,0.9746048421486553,23.266708342865275,93,33,60,35.483870967741936,20154.27,16314.23,3840.040000000001,1517.8,1457,1,41.77900441699989,1.5547755028330212,1.8791102407472497,21.22809673719413,56.0,22.0,34.0,39.285714285714285,11708.75,7530.829999999999,4177.920000000001,754.91,546.0,2.0,0.05102040816326525,0.7,,,,,,,
72,-1.0170068027210883,True,12,2.6,0.8,20,1.05,0.27,4.6516187089998855,1.0299432919018778,0.255310699905907,29.178781603299843,93,26,67,27.956989247311828,16000.890000000001,15535.699999999999,465.1900000000023,1323.1,1529,0,12.150999668499898,1.1722733337019597,0.7371617266186137,16.60270479014197,47.0,15.0,32.0,31.914893617021278,8268.289999999999,7053.21,1215.079999999999,574.53,584.0,0.0,0.05102040816326525,0.5875,,,,,,,
94,-1.0204081632653061,True,13,1.6,0.9,17,1.3,0.0,22.74263616849963,1.1536071096654275,0.6770061496488803,25.53402575119643,92,29,63,31.52173913043478,17080.030000000002,14805.760000000002,2274.2700000000004,1385.8799999999999,1540,0,61.876751511999885,1.9535055737219889,2.4707830939733118,16.274946315911002,48.0,20.0,28.0,41.666666666666664,12677.04,6489.38,6187.660000000001,715.29,580.0,2.0,0.061224489795918324,0.6,,,,,,,
11,-1.030612244897959,True,48,2.4,2.0,8,0.9,0.0,10.797739973999942,1.0815802576592461,0.4088355126037175,28.980766987339273,89,28,61,31.46067415730337,14315.05,13235.310000000001,1079.739999999998,1208.37,1502,1,8.28834313849995,1.140599739774618,0.5904741283575288,31.30588717918711,47.0,15.0,32.0,31.914893617021278,6723.709999999998,5894.89,828.8199999999979,533.92,574.0,0.0,0.09183673469387754,0.5875,,,,,,,
89,-1.030612244897959,True,13,2.5,1.4000000000000001,16,0.9500000000000001,0.12,38.37409748749984,1.2400213415129955,0.9399420973876604,20.71042638066444,89,30,59,33.70786516853933,19824.989999999998,15987.62,3837.369999999997,1376.68,1538,0,56.414716895499836,1.921914271240175,2.321567103445765,15.902628721089657,42.0,17.0,25.0,40.476190476190474,11760.770000000002,6119.299999999999,5641.470000000003,599.93,580.0,2.0,0.09183673469387754,0.525,,,,,,,
99,-1.0374149659863945,True,11,2.6,1.4000000000000001,19,0.9500000000000001,0.06,58.443963173999656,1.3575121609850156,1.3024371346549948,20.88184124442425,87,33,54,37.93103448275862,22191.74,16347.359999999999,5844.380000000003,1494.62,1497,1,59.91284897299993,1.9691759936718178,2.4158844444129866,18.436185555193717,46.0,19.0,27.0,41.30434782608695,12173.19,6181.87,5991.320000000001,646.73,561.0,2.0,0.11224489795918369,0.575,,,,,,,
98,-1.0612244897959184,True,12,2.6,1.6,18,1.0,0.04,57.14692184649968,1.3638047194849527,1.3010739387564803,23.9396947370105,80,30,50,37.5,21422.74,15708.07,5714.670000000002,1407.25,1571,0,63.62839126049996,2.0787635060331047,2.5480141065746182,17.333239575266425,44.0,19.0,25.0,43.18181818181818,12261.15,5898.29,6362.86,633.13,591.0,2.0,0.18367346938775508,0.55,,,,,,,
108,-1.0657596371882085,True,13,2.7,1.7000000000000002,17,1.1500000000000001,0.01,42.738430375999656,1.2902314520230915,1.0681947399766385,24.65455780568271,81,29,52,35.80246913580247,18999.6,14725.73,4273.869999999999,1342.83,1580,0,55.932328764,1.981828267295796,2.3275316451296346,14.765990607859964,41.0,17.0,24.0,41.46341463414634,11290.0,5696.76,5593.24,583.13,596.0,1.0,0.19727891156462585,0.5125,,,,,,,
77,-1.082766439909297,True,34,2.6,1.9000000000000001,17,1.1,0.01,20.870552967499844,1.1613180238916951,0.6878201347342262,24.765684763505618,83,27,56,32.53012048192771,15024.609999999999,12937.55,2087.0599999999995,1269.46,1628,0,19.210124918999934,1.3805714376280305,1.0782906265924046,25.95879113980417,38.0,13.0,25.0,34.21052631578947,6968.6,5047.620000000001,1920.9799999999996,443.02,624.0,0.0,0.2482993197278911,0.475,,,,,,,
7,-1.1417233560090703,True,11,2.9000000000000004,1.5,14,0.5,0.23,32.839351840499845,1.2285538503510822,0.8627845763351984,26.42713890475014,75,26,49,34.666666666666664,17652.39,14368.429999999998,3283.960000000001,1082.06,1599,0,37.01423617349996,1.678234340213836,1.7091257755569593,13.72256637032328,34.0,13.0,21.0,38.23529411764706,9158.880000000001,5457.450000000001,3701.4300000000003,456.5,613.0,0.0,0.4251700680272109,0.425,,,,,,,
102,-1.183673469387755,True,15,2.4,1.8,17,1.0,0.01,38.22364283699979,1.3362125456840401,1.0102182582272672,21.44758003312464,65,24,41,36.92307692307692,15191.2,11368.85,3822.3500000000004,1002.4,1643,0,39.08060879199995,1.794792844533748,1.904624593238482,18.352126130394776,33.0,14.0,19.0,42.42424242424242,8825.140000000001,4917.08,3908.0600000000013,436.43,636.0,0.0,0.5510204081632654,0.4125,,,,,,,
58,-1.2011054421768708,True,47,2.6,2.0,18,1.0,0.09,31.737100188499955,1.3465725929743941,0.9926695986984944,21.709896441465887,73,25,48,34.24657534246575,12331.05,9157.36,3173.6899999999987,1017.91,1720,1,13.475134335499897,1.342008746481483,0.9566394354620359,22.472032845783556,30.0,10.0,20.0,33.333333333333336,5287.34,3939.87,1347.4700000000003,352.7,654.0,0.0,0.6033163265306123,0.375,,,,,,,
56,-1.2052154195011338,True,12,1.6,1.2000000000000002,15,1.25,0.15,36.0974034814998,1.3402179229927513,1.016661670952742,21.034741040639148,61,23,38,37.704918032786885,14219.94,10610.17,3609.7700000000004,884.21,1712,0,19.28881077849992,1.3936402076666885,1.1557271944961607,22.191107149945445,32.0,10.0,22.0,31.25,6829.06,4900.16,1928.9000000000005,391.53,665.0,0.0,0.6156462585034014,0.4,,,,,,,
38,-1.2160572562358278,True,13,2.9000000000000004,1.7000000000000002,8,0.55,0.26,51.29095228349983,1.3122829085520256,1.1586798632960762,23.29403120989292,74,27,47,36.486486486486484,21553.630000000005,16424.530000000002,5129.100000000002,1195.67,1699,0,29.530646575499958,1.616421085150929,1.4669682405715956,14.082606931815828,29.0,11.0,18.0,37.93103448275862,7743.74,4790.669999999999,2953.0700000000006,384.4,652.0,0.0,0.6481717687074832,0.3625,,,,,,,
74,-1.28812358276644,True,39,2.5,0.4,18,1.5,0.08,13.433645987499895,1.1778543038641704,0.5609689001304631,13.412046492955042,69,24,45,34.78260869565217,8896.310000000001,7552.98,1343.3300000000017,939.63,1773,0,-4.911415708000095,0.8459352207669986,-0.29697712779017016,20.212020323354032,26.0,9.0,17.0,34.61538461538461,2696.6299999999997,3187.75,-491.12000000000035,294.83,683.0,5.0,0.8643707482993197,0.325,,,,,,,
57,-1.3663548752834467,True,23,1.9,1.5,20,1.6,0.03,14.080692974499835,1.1960622136819972,0.6009729573464804,23.96422692634281,46,15,31,32.608695652173914,8589.76,7181.700000000001,1408.0599999999995,684.43,1771,0,13.08703866149992,1.3197941509950346,0.9169373247084923,20.550471720416112,26.0,9.0,17.0,34.61538461538461,5401.0199999999995,4092.3199999999997,1308.6999999999998,299.87,686.0,0.0,1.09906462585034,0.325,,,,,,,
36,-1.5465561224489797,True,21,2.8,0.4,10,1.4500000000000002,0.4,-13.625436603500038,0.568145009207286,-0.5710386345902536,21.799427007929488,20,3,17,15.0,1792.56,3155.1099999999997,-1362.5499999999997,207.3,1857,0,9.668380410499886,1.3363600624828225,0.9976001246629256,13.009807254691403,21.0,8.0,13.0,38.095238095238095,3841.22,2874.39,966.8299999999999,259.85,727.0,0.0,1.6396683673469388,0.2625,,,,,,,
25,-1.5736961451247167,True,22,2.5,2.4000000000000004,11,0.65,0.19,23.521294618499834,1.257665203498021,0.7778772195365095,28.074691434448628,39,13,26,33.333333333333336,11480.71,9128.59,2352.119999999999,577.51,1800,0,28.21201430549996,2.0493269706426047,1.698632427044119,16.814527037945524,16.0,7.0,9.0,43.75,5509.8,2688.5899999999997,2821.2100000000005,201.95,714.0,0.0,1.7210884353741496,0.2,,,,,,,
5,-1.614512471655329,True,34,1.7,0.30000000000000004,20,1.55,0.37,-17.69704905650002,0.5675280053175891,-0.885972461449476,25.248893380293946,27,7,20,25.925925925925927,2322.37,4092.08,-1769.71,295.78,1850,0,3.730271025499969,1.1448199553528098,0.395217015207266,19.203339514349306,16.0,6.0,10.0,37.5,2948.77,2575.75,373.02,179.27,714.0,2.0,1.8435374149659864,0.2,,,,,,,
55,-1.6933815192743764,True,50,3.0,0.5,19,0.9,0.36,-23.279673365000026,0.18952623663101603,-1.5862514408437276,25.01180982129322,20,2,18,10.0,544.3800000000001,2872.3200000000006,-2327.9400000000005,202.79,1871,0,-4.031551631999973,0.8179745349467222,-0.3322697717189691,14.848259521461985,13.0,3.0,10.0,23.076923076923077,1811.65,2214.7999999999997,-403.14999999999964,146.92,730.0,0.0,2.0801445578231292,0.1625,,,,,,,
20,-1.7042233560090705,True,38,2.4,2.6,9,0.9500000000000001,0.13,52.051058991999824,1.7215249707514788,1.6171024805987473,14.749163016814522,33,13,20,39.39393939393939,12419.149999999998,7214.04,5205.109999999998,536.59,1816,0,9.77810505749998,1.563244874800551,0.7998449384703394,12.021378136989352,10.0,4.0,6.0,40.0,2713.84,1736.0299999999997,977.8100000000004,111.42,721.0,0.0,2.112670068027211,0.125,,,,,,,
35,-1.7096797052154193,True,26,2.6,3.2,15,0.75,0.13,26.619028792499865,1.5318617117990132,1.068403141520902,16.1469457854453,26,9,17,34.61538461538461,7666.83,5004.910000000001,2661.919999999999,373.06,1845,0,6.01246450599996,1.3026984846196448,0.5530990910253475,14.923699857000347,11.0,4.0,7.0,36.36363636363637,2587.55,1986.2999999999997,601.2500000000005,120.38,734.0,0.0,2.1290391156462585,0.1375,,,,,,,
18,-1.722576530612245,True,37,1.5,1.8,4,0.45,0.3,40.62694627649991,1.61727610993529,1.3131605348578588,19.02090813970945,33,13,20,39.39393939393939,10644.41,6581.6900000000005,4062.7199999999993,502.54,1817,0,17.695219153999933,2.113318065709504,1.349395322789675,11.118982654786741,9.0,4.0,5.0,44.44444444444444,3358.95,1589.42,1769.5299999999997,105.19,733.0,0.0,2.1677295918367347,0.1125,,,,,,,
37,-1.7599914965986394,True,32,1.5,1.3,3,1.1500000000000001,0.08,-8.935560240500072,0.7689588747107267,-0.39852945050856897,19.282609436442083,22,5,17,22.727272727272727,2973.91,3867.4500000000003,-893.5400000000004,242.51,1872,0,20.050990681000037,2.566296400449944,1.4717798124599888,9.040931149419292,9.0,4.0,5.0,44.44444444444444,3285.27,1280.16,2005.11,106.72,744.0,0.0,2.279974489795918,0.1125,,,,,,,
34,-1.797406462585034,True,28,2.5,2.1,12,0.9500000000000001,0.45,-0.5540641705000235,0.9787238943488943,0.02542021116485733,17.418544664064413,11,3,8,27.272727272727273,2549.38,2604.8,-55.42000000000007,111.02,1905,0,-4.374586002499982,0.762349451588194,-0.3738796272740845,13.58745331141988,9.0,2.0,7.0,22.22222222222222,1403.31,1840.77,-437.46000000000004,101.62,747.0,0.0,2.392219387755102,0.1125,,,,,,,
0,-1.8069019274376417,True,25,3.0,4.4,13,0.25,0.07,34.65441748999999,1.969769049304741,1.340140301325228,9.04966222378387,19,9,10,47.36842105263158,7038.949999999999,3573.49,3465.459999999999,235.63,1871,0,6.92101392999999,1.558136159094208,0.6467128927307932,9.037870797175025,7.0,3.0,4.0,42.857142857142854,1932.12,1240.02,692.0999999999999,79.86,746.0,0.0,2.4207057823129254,0.0875,,,,,,,
27,-1.8388605442176869,True,18,2.3,3.1,13,0.55,0.25,-0.14805833400001575,0.9949393440321582,0.06318070652013974,15.712571566133027,15,5,10,33.333333333333336,2905.7900000000004,2920.57,-14.779999999999745,136.8,1891,0,-0.9399391794999974,0.9211612340418395,-0.03561468505003186,10.218593817939633,6.0,2.0,4.0,33.333333333333336,1098.19,1192.1799999999998,-93.98999999999978,58.44,753.0,0.0,2.516581632653061,0.075,,,,,,,
10,-1.8572137188208617,True,49,2.3,2.2,2,1.05,0.31,15.255012248000002,1.594831922451542,0.7999926647228708,12.158727478781575,15,6,9,40.0,4090.0899999999992,2564.5899999999997,1525.4999999999995,190.29,1904,0,6.30379979299998,1.7051388174232087,0.8853163814160485,10.199214434367638,5.0,2.0,3.0,40.0,1524.3600000000001,893.98,630.3800000000001,48.04,749.0,0.0,2.5716411564625847,0.0625,,,,,,,
16,-1.8769132653061225,True,20,2.1,2.7,7,1.3,0.07,-11.061437415000036,0.7220283015311777,-0.47108206416650583,24.310720128318252,20,5,15,25.0,2873.1600000000003,3979.2900000000004,-1106.13,218.77,1881,0,13.371860657500001,5.661275142050406,2.1761516614667142,6.058668340242397,3.0,2.0,1.0,66.66666666666667,1624.05,286.87,1337.1799999999998,35.67,753.0,0.0,2.6307397959183674,0.0375,,,,,,,
3,-1.9360827664399092,True,27,1.9,3.7,4,0.45,0.16,18.20597802100001,2.6634839417058798,1.1862954573506581,10.115181087838872,8,5,3,62.5,2915.05,1094.45,1820.6000000000001,77.54,1907,0,-6.074741653000001,0.0,-0.6497234167296365,8.253537974514517,2.0,0.0,2.0,0.0,0.0,607.47,-607.47,19.560000000000002,758.0,0.0,2.808248299319728,0.025,,,,,,,
13,-1.9442318594104306,True,40,2.6,2.8000000000000003,6,1.2000000000000002,0.3,8.771848249499998,1.3559440332424355,0.5502834869669936,15.17147563009161,11,4,7,36.36363636363637,3341.4799999999996,2464.3200000000006,877.159999999999,121.37,1910,0,8.264010173499992,99.0,2.630419999613374,2.0535050102352144,1.0,1.0,0.0,100.0,826.4,0.0,826.4,10.14,759.0,0.0,2.8326955782312924,0.0125,,,,,,,
19,-1.9462868480725626,True,45,1.9,0.7000000000000001,2,1.25,0.34,-14.305673753500015,0.0,-1.237366171626325,17.102882861053658,5,0,5,0.0,0.0,1430.5700000000002,-1430.5700000000002,44.78,1920,0,4.8978625889999785,2.577830036724438,1.206245371089208,5.359369484004566,2.0,1.0,1.0,50.0,800.21,310.42,489.79,22.21,757.0,0.0,2.8388605442176873,0.025,,,,,,,
60,-1.9578373015873014,True,17,2.5,4.6000000000000005,16,0.9500000000000001,0.05,18.910164006999967,2.938682195179463,1.2767555844404648,13.78693834319646,7,4,3,57.142857142857146,2866.42,975.4100000000001,1891.01,62.79,1914,0,-3.099431347999998,0.0,-1.09686052034348,4.564817614061332,1.0,0.0,1.0,0.0,0.0,309.94,-309.94,10.97,760.0,0.0,2.8735119047619047,0.0125,,,,,,,
1,-1.9612386621315192,True,12,2.8,3.6,15,0.0,0.44,3.5030242104999525,1.2659000341568942,0.3042299409927441,11.78430534301941,6,2,4,33.333333333333336,1667.76,1317.4499999999998,350.3100000000002,53.54,1922,0,-3.0739885399999913,0.0,-0.58392150958329,6.580858837960216,1.0,0.0,1.0,0.0,0.0,307.4,-307.4,7.97,759.0,0.0,2.8837159863945576,0.0125,,,,,,,
149,-1.9612386621315192,True,14,2.3,3.9000000000000004,19,1.1500000000000001,0.12,9.955499696499992,2.0550774709086674,0.8025594319140862,10.08096643750241,6,3,3,50.0,1939.13,943.5799999999999,995.5500000000002,50.85,1919,0,-3.099431347999998,0.0,-1.09686052034348,4.564817614061332,1.0,0.0,1.0,0.0,0.0,309.94,-309.94,10.97,759.0,0.0,2.8837159863945576,0.0125,,,,,,,
70,-1.9714427437641722,True,21,2.8,5.9,15,1.35,0.01,13.654300985999997,4.847799132052077,1.2032158130228245,6.967350511473507,3,2,1,66.66666666666667,1720.29,354.86,1365.4299999999998,17.48,1926,0,-3.099431347999998,0.0,-1.09686052034348,4.564817614061332,1.0,0.0,1.0,0.0,0.0,309.94,-309.94,10.97,761.0,0.0,2.914328231292517,0.0125,,,,,,,
6,-2.0,True,22,1.6,4.1000000000000005,10,0.2,0.22,11.626351073000004,99.0,1.2875146462702893,5.701096053096777,2,2,0,100.0,1162.64,0.0,1162.64,16.87,1930,0,,,,,,,,,,,,,,,,,,,,,,,no trades with filter on
8,-2.0,True,32,1.7,5.9,16,1.55,0.41000000000000003,8.254651725000004,99.0,1.026904294559921,5.701096053096777,1,1,0,100.0,825.47,0.0,825.47,3.19,1932,0,,,,,,,,,,,,,,,,,,,,,,,no trades with filter on
29,-2.0,True,25,1.8,5.2,13,1.1,0.07,8.254651725000004,99.0,1.026904294559921,5.701096053096777,1,1,0,100.0,825.47,0.0,825.47,3.19,1932,0,,,,,,,,,,,,,,,,,,,,,,,no trades with filter on
128,-2.0,True,11,2.6,5.7,19,1.1500000000000001,0.06,-0.6721658245000254,0.9247098624367074,-0.017955362287851995,9.82448493494744,4,1,3,25.0,825.47,892.6800000000001,-67.21000000000004,28.48,1922,0,,,,,,,,,,,,,,,,,,,,,,,no trades with filter on
